{"_id":{"$oid":"5cf2f50fed0e459131604969"},"compra":44.3,"venta":46.5,"fecha":{"$date":"2019-06-01T00:00:00.000Z"}}
{"_id":{"$oid":"5cf2f50fed0e45913160496a"},"compra":44.2,"venta":46.4,"fecha":{"$date":"2019-05-31T00:00:00.000Z"}}
{"_id":{"$oid":"5cf2f50fed0e45913160496b"},"compra":44,"venta":46.2,"fecha":{"$date":"2019-05-31T00:00:00.000Z"}}
{"_id":{"$oid":"5cf2f50fed0e45913160496c"},"compra":44,"venta":46.2,"fecha":{"$date":"2019-05-30T00:00:00.000Z"}}
{"_id":{"$oid":"5cf2f50fed0e45913160496d"},"compra":44.1,"venta":46.3,"fecha":{"$date":"2019-05-30T00:00:00.000Z"}}
{"_id":{"$oid":"5cf2f50fed0e45913160496e"},"compra":44.2,"venta":46.4,"fecha":{"$date":"2019-05-30T00:00:00.000Z"}}
{"_id":{"$oid":"5cf2f50fed0e45913160496f"},"compra":44.2,"venta":46.4,"fecha":{"$date":"2019-05-29T00:00:00.000Z"}}
{"_id":{"$oid":"5cf2f50fed0e459131604970"},"compra":44.3,"venta":46.5,"fecha":{"$date":"2019-05-31T00:00:00.000Z"}}
{"_id":{"$oid":"5cf2f50fed0e459131604971"},"compra":44.3,"venta":46.5,"fecha":{"$date":"2019-05-31T00:00:00.000Z"}}
{"_id":{"$oid":"5cf2f50fed0e459131604972"},"compra":44.3,"venta":46.5,"fecha":{"$date":"2019-05-27T00:00:00.000Z"}}
{"_id":{"$oid":"5cf2f50fed0e459131604973"},"compra":44.4,"venta":46.6,"fecha":{"$date":"2019-05-27T00:00:00.000Z"}}
{"_id":{"$oid":"5cf2f50fed0e459131604974"},"compra":44.4,"venta":46.6,"fecha":{"$date":"2019-05-26T00:00:00.000Z"}}
{"_id":{"$oid":"5cf2f50fed0e459131604975"},"compra":44.4,"venta":46.6,"fecha":{"$date":"2019-05-25T00:00:00.000Z"}}
{"_id":{"$oid":"5cf2f50fed0e459131604976"},"compra":44.4,"venta":46.6,"fecha":{"$date":"2019-05-24T00:00:00.000Z"}}
{"_id":{"$oid":"5cf2f50fed0e459131604977"},"compra":44.2,"venta":46.4,"fecha":{"$date":"2019-05-28T00:00:00.000Z"}}
{"_id":{"$oid":"5cf2f50fed0e459131604978"},"compra":44.4,"venta":46.6,"fecha":{"$date":"2019-05-23T00:00:00.000Z"}}
{"_id":{"$oid":"5cf2f50fed0e459131604979"},"compra":44.3,"venta":46.5,"fecha":{"$date":"2019-05-23T00:00:00.000Z"}}
{"_id":{"$oid":"5cf2f50fed0e45913160497a"},"compra":44.5,"venta":46.7,"fecha":{"$date":"2019-05-23T00:00:00.000Z"}}
{"_id":{"$oid":"5cf2f50fed0e45913160497b"},"compra":44.3,"venta":46.5,"fecha":{"$date":"2019-05-22T00:00:00.000Z"}}
{"_id":{"$oid":"5cf2f50fed0e45913160497c"},"compra":44.4,"venta":46.6,"fecha":{"$date":"2019-05-22T00:00:00.000Z"}}
{"_id":{"$oid":"5cf2f50fed0e45913160497d"},"compra":44.4,"venta":46.6,"fecha":{"$date":"2019-05-21T00:00:00.000Z"}}
{"_id":{"$oid":"5cf2f50fed0e45913160497e"},"compra":44.7,"venta":46.9,"fecha":{"$date":"2019-05-21T00:00:00.000Z"}}
{"_id":{"$oid":"5cf2f50fed0e45913160497f"},"compra":44.7,"venta":46.9,"fecha":{"$date":"2019-05-20T00:00:00.000Z"}}
{"_id":{"$oid":"5cf2f50fed0e459131604980"},"compra":44.5,"venta":46.7,"fecha":{"$date":"2019-05-24T00:00:00.000Z"}}
{"_id":{"$oid":"5cf2f50fed0e459131604981"},"compra":44.3,"venta":46.5,"fecha":{"$date":"2019-05-28T00:00:00.000Z"}}
{"_id":{"$oid":"5cf2f50fed0e459131604982"},"compra":44.5,"venta":46.7,"fecha":{"$date":"2019-05-20T00:00:00.000Z"}}
{"_id":{"$oid":"5cf2f50fed0e459131604983"},"compra":44.3,"venta":46.5,"fecha":{"$date":"2019-05-18T00:00:00.000Z"}}
{"_id":{"$oid":"5cf2f50fed0e459131604984"},"compra":44.3,"venta":46.5,"fecha":{"$date":"2019-05-17T00:00:00.000Z"}}
{"_id":{"$oid":"5cf2f50fed0e459131604985"},"compra":44.2,"venta":46.4,"fecha":{"$date":"2019-05-17T00:00:00.000Z"}}
{"_id":{"$oid":"5cf2f50fed0e459131604986"},"compra":44.3,"venta":46.5,"fecha":{"$date":"2019-05-17T00:00:00.000Z"}}
{"_id":{"$oid":"5cf2f50fed0e459131604987"},"compra":44.2,"venta":46.4,"fecha":{"$date":"2019-05-16T00:00:00.000Z"}}
{"_id":{"$oid":"5cf2f50fed0e459131604988"},"compra":44.3,"venta":46.5,"fecha":{"$date":"2019-05-20T00:00:00.000Z"}}
{"_id":{"$oid":"5cf2f50fed0e459131604989"},"compra":44.3,"venta":46.5,"fecha":{"$date":"2019-05-16T00:00:00.000Z"}}
{"_id":{"$oid":"5cf2f50fed0e45913160498a"},"compra":44.3,"venta":46.5,"fecha":{"$date":"2019-05-19T00:00:00.000Z"}}
{"_id":{"$oid":"5cf2f50fed0e45913160498b"},"compra":44.2,"venta":46.4,"fecha":{"$date":"2019-05-17T00:00:00.000Z"}}
{"_id":{"$oid":"5cf2f50fed0e45913160498c"},"compra":44.4,"venta":46.6,"fecha":{"$date":"2019-05-15T00:00:00.000Z"}}
{"_id":{"$oid":"5cf2f50fed0e45913160498d"},"compra":44.7,"venta":46.9,"fecha":{"$date":"2019-05-15T00:00:00.000Z"}}
{"_id":{"$oid":"5cf2f50fed0e45913160498e"},"compra":44.5,"venta":46.7,"fecha":{"$date":"2019-05-14T00:00:00.000Z"}}
{"_id":{"$oid":"5cf2f50fed0e45913160498f"},"compra":44.5,"venta":46.7,"fecha":{"$date":"2019-05-15T00:00:00.000Z"}}
{"_id":{"$oid":"5cf2f50fed0e459131604990"},"compra":44.6,"venta":46.8,"fecha":{"$date":"2019-05-13T00:00:00.000Z"}}
{"_id":{"$oid":"5cf2f50fed0e459131604991"},"compra":44.6,"venta":46.8,"fecha":{"$date":"2019-05-14T00:00:00.000Z"}}
{"_id":{"$oid":"5cf2f50fed0e459131604992"},"compra":44.7,"venta":46.9,"fecha":{"$date":"2019-05-13T00:00:00.000Z"}}
{"_id":{"$oid":"5cf2f50fed0e459131604993"},"compra":44.6,"venta":46.8,"fecha":{"$date":"2019-05-15T00:00:00.000Z"}}
{"_id":{"$oid":"5cf2f50fed0e459131604994"},"compra":44.4,"venta":46.6,"fecha":{"$date":"2019-05-16T00:00:00.000Z"}}
{"_id":{"$oid":"5cf2f50fed0e459131604995"},"compra":44.4,"venta":46.6,"fecha":{"$date":"2019-05-10T00:00:00.000Z"}}
{"_id":{"$oid":"5cf2f50fed0e459131604996"},"compra":44.4,"venta":46.6,"fecha":{"$date":"2019-05-13T00:00:00.000Z"}}
{"_id":{"$oid":"5cf2f50fed0e459131604997"},"compra":44.4,"venta":46.6,"fecha":{"$date":"2019-05-11T00:00:00.000Z"}}
{"_id":{"$oid":"5cf2f50fed0e459131604998"},"compra":44.7,"venta":46.9,"fecha":{"$date":"2019-05-10T00:00:00.000Z"}}
{"_id":{"$oid":"5cf2f50fed0e459131604999"},"compra":44.6,"venta":46.8,"fecha":{"$date":"2019-05-09T00:00:00.000Z"}}
{"_id":{"$oid":"5cf2f50fed0e45913160499a"},"compra":44.5,"venta":46.7,"fecha":{"$date":"2019-05-09T00:00:00.000Z"}}
{"_id":{"$oid":"5cf2f50fed0e45913160499b"},"compra":44.5,"venta":46.7,"fecha":{"$date":"2019-05-08T00:00:00.000Z"}}
{"_id":{"$oid":"5cf2f50fed0e45913160499c"},"compra":44.5,"venta":46.7,"fecha":{"$date":"2019-05-10T00:00:00.000Z"}}
{"_id":{"$oid":"5cf2f50fed0e45913160499d"},"compra":44.7,"venta":46.9,"fecha":{"$date":"2019-05-09T00:00:00.000Z"}}
{"_id":{"$oid":"5cf2f50fed0e45913160499e"},"compra":44.5,"venta":46.7,"fecha":{"$date":"2019-05-07T00:00:00.000Z"}}
{"_id":{"$oid":"5cf2f50fed0e45913160499f"},"compra":44.6,"venta":46.8,"fecha":{"$date":"2019-05-07T00:00:00.000Z"}}
{"_id":{"$oid":"5cf2f50fed0e4591316049a0"},"compra":44.5,"venta":46.7,"fecha":{"$date":"2019-05-07T00:00:00.000Z"}}
{"_id":{"$oid":"5cf2f50fed0e4591316049a1"},"compra":44.6,"venta":46.8,"fecha":{"$date":"2019-05-08T00:00:00.000Z"}}
{"_id":{"$oid":"5cf2f50fed0e4591316049a2"},"compra":44.3,"venta":46.5,"fecha":{"$date":"2019-05-07T00:00:00.000Z"}}
{"_id":{"$oid":"5cf2f50fed0e4591316049a3"},"compra":44.4,"venta":46.6,"fecha":{"$date":"2019-05-12T00:00:00.000Z"}}
{"_id":{"$oid":"5cf2f50fed0e4591316049a4"},"compra":44.5,"venta":46.7,"fecha":{"$date":"2019-05-06T00:00:00.000Z"}}
{"_id":{"$oid":"5cf2f50fed0e4591316049a5"},"compra":44.3,"venta":46.5,"fecha":{"$date":"2019-05-06T00:00:00.000Z"}}
{"_id":{"$oid":"5cf2f50fed0e4591316049a6"},"compra":44.6,"venta":46.8,"fecha":{"$date":"2019-05-06T00:00:00.000Z"}}
{"_id":{"$oid":"5cf2f50fed0e4591316049a7"},"compra":44.1,"venta":46.3,"fecha":{"$date":"2019-05-06T00:00:00.000Z"}}
{"_id":{"$oid":"5cf2f50fed0e4591316049a8"},"compra":44.1,"venta":46.3,"fecha":{"$date":"2019-05-04T00:00:00.000Z"}}
{"_id":{"$oid":"5cf2f510ed0e4591316049a9"},"compra":44.1,"venta":46.3,"fecha":{"$date":"2019-05-03T00:00:00.000Z"}}
{"_id":{"$oid":"5cf2f510ed0e4591316049aa"},"compra":44.3,"venta":46.5,"fecha":{"$date":"2019-05-06T00:00:00.000Z"}}
{"_id":{"$oid":"5cf2f510ed0e4591316049ab"},"compra":44.5,"venta":46.7,"fecha":{"$date":"2019-05-03T00:00:00.000Z"}}
{"_id":{"$oid":"5cf2f510ed0e4591316049ac"},"compra":44.5,"venta":46.7,"fecha":{"$date":"2019-05-02T00:00:00.000Z"}}
{"_id":{"$oid":"5cf2f510ed0e4591316049ad"},"compra":44.3,"venta":46.5,"fecha":{"$date":"2019-05-03T00:00:00.000Z"}}
{"_id":{"$oid":"5cf2f510ed0e4591316049ae"},"compra":44.3,"venta":46.5,"fecha":{"$date":"2019-05-02T00:00:00.000Z"}}
{"_id":{"$oid":"5cf2f510ed0e4591316049af"},"compra":44.3,"venta":46.5,"fecha":{"$date":"2019-05-01T00:00:00.000Z"}}
{"_id":{"$oid":"5cf2f510ed0e4591316049b0"},"compra":44.3,"venta":46.5,"fecha":{"$date":"2019-04-30T00:00:00.000Z"}}
{"_id":{"$oid":"5cf2f510ed0e4591316049b1"},"compra":44.1,"venta":46.3,"fecha":{"$date":"2019-04-30T00:00:00.000Z"}}
{"_id":{"$oid":"5cf2f510ed0e4591316049b2"},"compra":44.5,"venta":46.7,"fecha":{"$date":"2019-04-30T00:00:00.000Z"}}
{"_id":{"$oid":"5cf2f510ed0e4591316049b3"},"compra":44.1,"venta":46.3,"fecha":{"$date":"2019-05-05T00:00:00.000Z"}}
{"_id":{"$oid":"5cf2f510ed0e4591316049b4"},"compra":44.5,"venta":46.7,"fecha":{"$date":"2019-04-29T00:00:00.000Z"}}
{"_id":{"$oid":"5cf2f510ed0e4591316049b5"},"compra":45,"venta":47.2,"fecha":{"$date":"2019-04-29T00:00:00.000Z"}}
{"_id":{"$oid":"5cf2f510ed0e4591316049b6"},"compra":44.7,"venta":46.9,"fecha":{"$date":"2019-04-29T00:00:00.000Z"}}
{"_id":{"$oid":"5cf2f510ed0e4591316049b7"},"compra":45.3,"venta":47.5,"fecha":{"$date":"2019-04-29T00:00:00.000Z"}}
{"_id":{"$oid":"5cf2f510ed0e4591316049b8"},"compra":44.5,"venta":46.7,"fecha":{"$date":"2019-04-29T00:00:00.000Z"}}
{"_id":{"$oid":"5cf2f510ed0e4591316049b9"},"compra":45.6,"venta":47.8,"fecha":{"$date":"2019-04-29T00:00:00.000Z"}}
{"_id":{"$oid":"5cf2f510ed0e4591316049ba"},"compra":44.7,"venta":46.9,"fecha":{"$date":"2019-04-29T00:00:00.000Z"}}
{"_id":{"$oid":"5cf2f510ed0e4591316049bb"},"compra":45.6,"venta":47.8,"fecha":{"$date":"2019-04-26T00:00:00.000Z"}}
{"_id":{"$oid":"5cf2f510ed0e4591316049bc"},"compra":45.6,"venta":47.8,"fecha":{"$date":"2019-04-27T00:00:00.000Z"}}
{"_id":{"$oid":"5cf2f510ed0e4591316049bd"},"compra":45.3,"venta":47.5,"fecha":{"$date":"2019-04-26T00:00:00.000Z"}}
{"_id":{"$oid":"5cf2f510ed0e4591316049be"},"compra":45,"venta":47.2,"fecha":{"$date":"2019-04-26T00:00:00.000Z"}}
{"_id":{"$oid":"5cf2f510ed0e4591316049bf"},"compra":45.3,"venta":47.5,"fecha":{"$date":"2019-04-26T00:00:00.000Z"}}
{"_id":{"$oid":"5cf2f510ed0e4591316049c0"},"compra":45,"venta":47.2,"fecha":{"$date":"2019-04-26T00:00:00.000Z"}}
{"_id":{"$oid":"5cf2f510ed0e4591316049c1"},"compra":45.6,"venta":47.8,"fecha":{"$date":"2019-04-28T00:00:00.000Z"}}
{"_id":{"$oid":"5cf2f510ed0e4591316049c2"},"compra":44.7,"venta":46.9,"fecha":{"$date":"2019-04-26T00:00:00.000Z"}}
{"_id":{"$oid":"5cf2f510ed0e4591316049c3"},"compra":44.3,"venta":46.5,"fecha":{"$date":"2019-05-07T00:00:00.000Z"}}
{"_id":{"$oid":"5cf2f510ed0e4591316049c4"},"compra":44.6,"venta":46.8,"fecha":{"$date":"2019-04-26T00:00:00.000Z"}}
{"_id":{"$oid":"5cf2f510ed0e4591316049c5"},"compra":44.4,"venta":46.6,"fecha":{"$date":"2019-04-26T00:00:00.000Z"}}
{"_id":{"$oid":"5cf2f510ed0e4591316049c6"},"compra":44.6,"venta":46.8,"fecha":{"$date":"2019-04-26T00:00:00.000Z"}}
{"_id":{"$oid":"5cf2f510ed0e4591316049c7"},"compra":44.4,"venta":46.6,"fecha":{"$date":"2019-04-26T00:00:00.000Z"}}
{"_id":{"$oid":"5cf2f510ed0e4591316049c8"},"compra":45.1,"venta":47.5,"fecha":{"$date":"2019-04-25T00:00:00.000Z"}}
{"_id":{"$oid":"5cf2f510ed0e4591316049c9"},"compra":44.8,"venta":47.2,"fecha":{"$date":"2019-04-26T00:00:00.000Z"}}
{"_id":{"$oid":"5cf2f510ed0e4591316049ca"},"compra":45.4,"venta":47.8,"fecha":{"$date":"2019-04-25T00:00:00.000Z"}}
{"_id":{"$oid":"5cf2f510ed0e4591316049cb"},"compra":45.4,"venta":47.8,"fecha":{"$date":"2019-04-25T00:00:00.000Z"}}
{"_id":{"$oid":"5cf2f510ed0e4591316049cc"},"compra":45.1,"venta":47.5,"fecha":{"$date":"2019-04-25T00:00:00.000Z"}}
{"_id":{"$oid":"5cf2f510ed0e4591316049cd"},"compra":44.8,"venta":47.2,"fecha":{"$date":"2019-04-25T00:00:00.000Z"}}
{"_id":{"$oid":"5cf2f510ed0e4591316049ce"},"compra":45.8,"venta":48.2,"fecha":{"$date":"2019-04-25T00:00:00.000Z"}}
{"_id":{"$oid":"5cf2f510ed0e4591316049cf"},"compra":44.8,"venta":46.8,"fecha":{"$date":"2019-04-25T00:00:00.000Z"}}
{"_id":{"$oid":"5cf2f510ed0e4591316049d0"},"compra":44.4,"venta":46.8,"fecha":{"$date":"2019-04-26T00:00:00.000Z"}}
{"_id":{"$oid":"5cf2f510ed0e4591316049d1"},"compra":45.1,"venta":47.5,"fecha":{"$date":"2019-04-25T00:00:00.000Z"}}
{"_id":{"$oid":"5cf2f510ed0e4591316049d2"},"compra":43.2,"venta":45.2,"fecha":{"$date":"2019-04-25T00:00:00.000Z"}}
{"_id":{"$oid":"5cf2f510ed0e4591316049d3"},"compra":42.9,"venta":44.9,"fecha":{"$date":"2019-04-24T00:00:00.000Z"}}
{"_id":{"$oid":"5cf2f510ed0e4591316049d4"},"compra":43.2,"venta":45.2,"fecha":{"$date":"2019-04-24T00:00:00.000Z"}}
{"_id":{"$oid":"5cf2f510ed0e4591316049d5"},"compra":42.8,"venta":44.8,"fecha":{"$date":"2019-04-24T00:00:00.000Z"}}
{"_id":{"$oid":"5cf2f510ed0e4591316049d6"},"compra":42.7,"venta":44.7,"fecha":{"$date":"2019-04-24T00:00:00.000Z"}}
{"_id":{"$oid":"5cf2f510ed0e4591316049d7"},"compra":44.8,"venta":47.2,"fecha":{"$date":"2019-04-25T00:00:00.000Z"}}
{"_id":{"$oid":"5cf2f510ed0e4591316049d8"},"compra":44.8,"venta":47.2,"fecha":{"$date":"2019-04-25T00:00:00.000Z"}}
{"_id":{"$oid":"5cf2f510ed0e4591316049d9"},"compra":42.5,"venta":44.5,"fecha":{"$date":"2019-04-24T00:00:00.000Z"}}
{"_id":{"$oid":"5cf2f510ed0e4591316049da"},"compra":42.3,"venta":44.3,"fecha":{"$date":"2019-04-24T00:00:00.000Z"}}
{"_id":{"$oid":"5cf2f510ed0e4591316049db"},"compra":41.9,"venta":43.9,"fecha":{"$date":"2019-04-23T00:00:00.000Z"}}
{"_id":{"$oid":"5cf2f510ed0e4591316049dc"},"compra":42.1,"venta":44.1,"fecha":{"$date":"2019-04-24T00:00:00.000Z"}}
{"_id":{"$oid":"5cf2f510ed0e4591316049dd"},"compra":41.9,"venta":43.9,"fecha":{"$date":"2019-04-24T00:00:00.000Z"}}
{"_id":{"$oid":"5cf2f510ed0e4591316049de"},"compra":42.2,"venta":44.2,"fecha":{"$date":"2019-04-24T00:00:00.000Z"}}
{"_id":{"$oid":"5cf2f510ed0e4591316049df"},"compra":41.8,"venta":43.8,"fecha":{"$date":"2019-04-23T00:00:00.000Z"}}
{"_id":{"$oid":"5cf2f510ed0e4591316049e0"},"compra":42,"venta":44,"fecha":{"$date":"2019-04-22T00:00:00.000Z"}}
{"_id":{"$oid":"5cf2f510ed0e4591316049e1"},"compra":42.1,"venta":44.1,"fecha":{"$date":"2019-04-22T00:00:00.000Z"}}
{"_id":{"$oid":"5cf2f510ed0e4591316049e2"},"compra":42,"venta":44,"fecha":{"$date":"2019-04-22T00:00:00.000Z"}}
{"_id":{"$oid":"5cf2f510ed0e4591316049e3"},"compra":41.8,"venta":43.8,"fecha":{"$date":"2019-04-22T00:00:00.000Z"}}
{"_id":{"$oid":"5cf2f510ed0e4591316049e4"},"compra":41.9,"venta":43.9,"fecha":{"$date":"2019-04-22T00:00:00.000Z"}}
{"_id":{"$oid":"5cf2f510ed0e4591316049e5"},"compra":41.6,"venta":43.6,"fecha":{"$date":"2019-04-22T00:00:00.000Z"}}
{"_id":{"$oid":"5cf2f510ed0e4591316049e6"},"compra":41.9,"venta":43.9,"fecha":{"$date":"2019-04-23T00:00:00.000Z"}}
{"_id":{"$oid":"5cf2f510ed0e4591316049e7"},"compra":42,"venta":44,"fecha":{"$date":"2019-04-23T00:00:00.000Z"}}
{"_id":{"$oid":"5cf2f510ed0e4591316049e8"},"compra":41.4,"venta":43.4,"fecha":{"$date":"2019-04-21T00:00:00.000Z"}}
{"_id":{"$oid":"5cf2f510ed0e4591316049e9"},"compra":41.4,"venta":43.4,"fecha":{"$date":"2019-04-22T00:00:00.000Z"}}
{"_id":{"$oid":"5cf2f510ed0e4591316049ea"},"compra":41.4,"venta":43.4,"fecha":{"$date":"2019-04-20T00:00:00.000Z"}}
{"_id":{"$oid":"5cf2f510ed0e4591316049eb"},"compra":41.4,"venta":43.4,"fecha":{"$date":"2019-04-19T00:00:00.000Z"}}
{"_id":{"$oid":"5cf2f510ed0e4591316049ec"},"compra":41.4,"venta":43.4,"fecha":{"$date":"2019-04-16T00:00:00.000Z"}}
{"_id":{"$oid":"5cf2f510ed0e4591316049ed"},"compra":41.6,"venta":43.6,"fecha":{"$date":"2019-04-17T00:00:00.000Z"}}
{"_id":{"$oid":"5cf2f510ed0e4591316049ee"},"compra":41.5,"venta":43.5,"fecha":{"$date":"2019-04-16T00:00:00.000Z"}}
{"_id":{"$oid":"5cf2f510ed0e4591316049ef"},"compra":41.4,"venta":43.4,"fecha":{"$date":"2019-04-18T00:00:00.000Z"}}
{"_id":{"$oid":"5cf2f510ed0e4591316049f0"},"compra":41.3,"venta":43.3,"fecha":{"$date":"2019-04-16T00:00:00.000Z"}}
{"_id":{"$oid":"5cf2f510ed0e4591316049f1"},"compra":41.3,"venta":43.3,"fecha":{"$date":"2019-04-15T00:00:00.000Z"}}
{"_id":{"$oid":"5cf2f510ed0e4591316049f2"},"compra":41.1,"venta":43.3,"fecha":{"$date":"2019-04-15T00:00:00.000Z"}}
{"_id":{"$oid":"5cf2f510ed0e4591316049f3"},"compra":41.1,"venta":43.3,"fecha":{"$date":"2019-04-15T00:00:00.000Z"}}
{"_id":{"$oid":"5cf2f510ed0e4591316049f4"},"compra":41.3,"venta":43.5,"fecha":{"$date":"2019-04-15T00:00:00.000Z"}}
{"_id":{"$oid":"5cf2f510ed0e4591316049f5"},"compra":41.3,"venta":43.5,"fecha":{"$date":"2019-04-15T00:00:00.000Z"}}
{"_id":{"$oid":"5cf2f510ed0e4591316049f6"},"compra":41.5,"venta":43.7,"fecha":{"$date":"2019-04-14T00:00:00.000Z"}}
{"_id":{"$oid":"5cf2f510ed0e4591316049f7"},"compra":41.6,"venta":43.6,"fecha":{"$date":"2019-04-16T00:00:00.000Z"}}
{"_id":{"$oid":"5cf2f510ed0e4591316049f8"},"compra":41.5,"venta":43.7,"fecha":{"$date":"2019-04-15T00:00:00.000Z"}}
{"_id":{"$oid":"5cf2f510ed0e4591316049f9"},"compra":41.5,"venta":43.7,"fecha":{"$date":"2019-04-13T00:00:00.000Z"}}
{"_id":{"$oid":"5cf2f510ed0e4591316049fa"},"compra":41.7,"venta":43.9,"fecha":{"$date":"2019-04-12T00:00:00.000Z"}}
{"_id":{"$oid":"5cf2f510ed0e4591316049fb"},"compra":41.4,"venta":43.4,"fecha":{"$date":"2019-04-17T00:00:00.000Z"}}
{"_id":{"$oid":"5cf2f510ed0e4591316049fc"},"compra":41.7,"venta":43.9,"fecha":{"$date":"2019-04-12T00:00:00.000Z"}}
{"_id":{"$oid":"5cf2f510ed0e4591316049fd"},"compra":41.9,"venta":44.1,"fecha":{"$date":"2019-04-12T00:00:00.000Z"}}
{"_id":{"$oid":"5cf2f510ed0e4591316049fe"},"compra":42.2,"venta":44.4,"fecha":{"$date":"2019-04-12T00:00:00.000Z"}}
{"_id":{"$oid":"5cf2f510ed0e4591316049ff"},"compra":42.2,"venta":44.4,"fecha":{"$date":"2019-04-11T00:00:00.000Z"}}
{"_id":{"$oid":"5cf2f510ed0e459131604a00"},"compra":41.5,"venta":43.7,"fecha":{"$date":"2019-04-12T00:00:00.000Z"}}
{"_id":{"$oid":"5cf2f510ed0e459131604a01"},"compra":42.3,"venta":44.5,"fecha":{"$date":"2019-04-10T00:00:00.000Z"}}
{"_id":{"$oid":"5cf2f510ed0e459131604a02"},"compra":42.2,"venta":44.4,"fecha":{"$date":"2019-04-10T00:00:00.000Z"}}
{"_id":{"$oid":"5cf2f510ed0e459131604a03"},"compra":42.5,"venta":44.7,"fecha":{"$date":"2019-04-10T00:00:00.000Z"}}
{"_id":{"$oid":"5cf2f510ed0e459131604a04"},"compra":42.7,"venta":44.9,"fecha":{"$date":"2019-04-10T00:00:00.000Z"}}
{"_id":{"$oid":"5cf2f510ed0e459131604a05"},"compra":41.5,"venta":43.7,"fecha":{"$date":"2019-04-12T00:00:00.000Z"}}
{"_id":{"$oid":"5cf2f510ed0e459131604a06"},"compra":42.7,"venta":44.9,"fecha":{"$date":"2019-04-09T00:00:00.000Z"}}
{"_id":{"$oid":"5cf2f510ed0e459131604a07"},"compra":42.9,"venta":45.1,"fecha":{"$date":"2019-04-08T00:00:00.000Z"}}
{"_id":{"$oid":"5cf2f510ed0e459131604a08"},"compra":42.9,"venta":45.1,"fecha":{"$date":"2019-04-06T00:00:00.000Z"}}
{"_id":{"$oid":"5cf2f510ed0e459131604a09"},"compra":42.9,"venta":45.1,"fecha":{"$date":"2019-04-05T00:00:00.000Z"}}
{"_id":{"$oid":"5cf2f510ed0e459131604a0a"},"compra":42.7,"venta":44.9,"fecha":{"$date":"2019-04-05T00:00:00.000Z"}}
{"_id":{"$oid":"5cf2f510ed0e459131604a0b"},"compra":42.6,"venta":44.8,"fecha":{"$date":"2019-04-05T00:00:00.000Z"}}
{"_id":{"$oid":"5cf2f510ed0e459131604a0c"},"compra":42.4,"venta":44.6,"fecha":{"$date":"2019-04-05T00:00:00.000Z"}}
{"_id":{"$oid":"5cf2f510ed0e459131604a0d"},"compra":42.9,"venta":45.1,"fecha":{"$date":"2019-04-07T00:00:00.000Z"}}
{"_id":{"$oid":"5cf2f510ed0e459131604a0e"},"compra":42.7,"venta":44.9,"fecha":{"$date":"2019-04-08T00:00:00.000Z"}}
{"_id":{"$oid":"5cf2f510ed0e459131604a0f"},"compra":42.3,"venta":44.5,"fecha":{"$date":"2019-04-04T00:00:00.000Z"}}
{"_id":{"$oid":"5cf2f510ed0e459131604a10"},"compra":42.3,"venta":44.5,"fecha":{"$date":"2019-04-05T00:00:00.000Z"}}
{"_id":{"$oid":"5cf2f510ed0e459131604a11"},"compra":42.4,"venta":44.6,"fecha":{"$date":"2019-04-05T00:00:00.000Z"}}
{"_id":{"$oid":"5cf2f510ed0e459131604a12"},"compra":41.9,"venta":44.1,"fecha":{"$date":"2019-04-04T00:00:00.000Z"}}
{"_id":{"$oid":"5cf2f510ed0e459131604a13"},"compra":41.8,"venta":44,"fecha":{"$date":"2019-04-04T00:00:00.000Z"}}
{"_id":{"$oid":"5cf2f510ed0e459131604a14"},"compra":41.8,"venta":44,"fecha":{"$date":"2019-04-03T00:00:00.000Z"}}
{"_id":{"$oid":"5cf2f510ed0e459131604a15"},"compra":42.1,"venta":44.3,"fecha":{"$date":"2019-04-03T00:00:00.000Z"}}
{"_id":{"$oid":"5cf2f510ed0e459131604a16"},"compra":42.6,"venta":44.8,"fecha":{"$date":"2019-04-05T00:00:00.000Z"}}
{"_id":{"$oid":"5cf2f510ed0e459131604a17"},"compra":42,"venta":44.2,"fecha":{"$date":"2019-04-04T00:00:00.000Z"}}
{"_id":{"$oid":"5cf2f510ed0e459131604a18"},"compra":42.1,"venta":44.3,"fecha":{"$date":"2019-04-02T00:00:00.000Z"}}
{"_id":{"$oid":"5cf2f510ed0e459131604a19"},"compra":42.1,"venta":44.3,"fecha":{"$date":"2019-04-01T00:00:00.000Z"}}
{"_id":{"$oid":"5cf2f510ed0e459131604a1a"},"compra":42.5,"venta":44.7,"fecha":{"$date":"2019-04-01T00:00:00.000Z"}}
{"_id":{"$oid":"5cf2f510ed0e459131604a1b"},"compra":42.5,"venta":44.7,"fecha":{"$date":"2019-03-30T00:00:00.000Z"}}
{"_id":{"$oid":"5cf2f510ed0e459131604a1c"},"compra":42.5,"venta":44.7,"fecha":{"$date":"2019-03-31T00:00:00.000Z"}}
{"_id":{"$oid":"5cf2f510ed0e459131604a1d"},"compra":42.5,"venta":44.7,"fecha":{"$date":"2019-03-29T00:00:00.000Z"}}
{"_id":{"$oid":"5cf2f510ed0e459131604a1e"},"compra":42.4,"venta":44.6,"fecha":{"$date":"2019-03-29T00:00:00.000Z"}}
{"_id":{"$oid":"5cf2f510ed0e459131604a1f"},"compra":42.4,"venta":44.6,"fecha":{"$date":"2019-03-28T00:00:00.000Z"}}
{"_id":{"$oid":"5cf2f510ed0e459131604a20"},"compra":42.6,"venta":44.8,"fecha":{"$date":"2019-03-29T00:00:00.000Z"}}
{"_id":{"$oid":"5cf2f510ed0e459131604a21"},"compra":42.7,"venta":44.9,"fecha":{"$date":"2019-03-27T00:00:00.000Z"}}
{"_id":{"$oid":"5cf2f510ed0e459131604a22"},"compra":42.7,"venta":44.9,"fecha":{"$date":"2019-03-28T00:00:00.000Z"}}
{"_id":{"$oid":"5cf2f510ed0e459131604a23"},"compra":42.6,"venta":44.8,"fecha":{"$date":"2019-03-28T00:00:00.000Z"}}
{"_id":{"$oid":"5cf2f510ed0e459131604a24"},"compra":42.5,"venta":44.7,"fecha":{"$date":"2019-03-27T00:00:00.000Z"}}
{"_id":{"$oid":"5cf2f510ed0e459131604a25"},"compra":42.4,"venta":44.6,"fecha":{"$date":"2019-03-27T00:00:00.000Z"}}
{"_id":{"$oid":"5cf2f510ed0e459131604a26"},"compra":42.3,"venta":44.5,"fecha":{"$date":"2019-03-27T00:00:00.000Z"}}
{"_id":{"$oid":"5cf2f510ed0e459131604a27"},"compra":42.3,"venta":44.5,"fecha":{"$date":"2019-03-29T00:00:00.000Z"}}
{"_id":{"$oid":"5cf2f510ed0e459131604a28"},"compra":41.5,"venta":43.7,"fecha":{"$date":"2019-03-26T00:00:00.000Z"}}
{"_id":{"$oid":"5cf2f510ed0e459131604a29"},"compra":41,"venta":43.2,"fecha":{"$date":"2019-03-26T00:00:00.000Z"}}
{"_id":{"$oid":"5cf2f510ed0e459131604a2a"},"compra":41.7,"venta":43.9,"fecha":{"$date":"2019-03-26T00:00:00.000Z"}}
{"_id":{"$oid":"5cf2f510ed0e459131604a2b"},"compra":41.3,"venta":43.5,"fecha":{"$date":"2019-03-26T00:00:00.000Z"}}
{"_id":{"$oid":"5cf2f510ed0e459131604a2c"},"compra":40.5,"venta":42.7,"fecha":{"$date":"2019-03-25T00:00:00.000Z"}}
{"_id":{"$oid":"5cf2f510ed0e459131604a2d"},"compra":40.9,"venta":43.1,"fecha":{"$date":"2019-03-25T00:00:00.000Z"}}
{"_id":{"$oid":"5cf2f510ed0e459131604a2e"},"compra":40.9,"venta":43.1,"fecha":{"$date":"2019-03-26T00:00:00.000Z"}}
{"_id":{"$oid":"5cf2f510ed0e459131604a2f"},"compra":40.6,"venta":42.8,"fecha":{"$date":"2019-03-25T00:00:00.000Z"}}
{"_id":{"$oid":"5cf2f510ed0e459131604a30"},"compra":41.7,"venta":43.9,"fecha":{"$date":"2019-03-27T00:00:00.000Z"}}
{"_id":{"$oid":"5cf2f510ed0e459131604a31"},"compra":40.7,"venta":42.9,"fecha":{"$date":"2019-03-25T00:00:00.000Z"}}
{"_id":{"$oid":"5cf2f510ed0e459131604a32"},"compra":40.9,"venta":43.1,"fecha":{"$date":"2019-03-22T00:00:00.000Z"}}
{"_id":{"$oid":"5cf2f510ed0e459131604a33"},"compra":40.7,"venta":42.9,"fecha":{"$date":"2019-03-22T00:00:00.000Z"}}
{"_id":{"$oid":"5cf2f510ed0e459131604a34"},"compra":40.7,"venta":42.9,"fecha":{"$date":"2019-03-23T00:00:00.000Z"}}
{"_id":{"$oid":"5cf2f510ed0e459131604a35"},"compra":40.7,"venta":42.9,"fecha":{"$date":"2019-03-24T00:00:00.000Z"}}
{"_id":{"$oid":"5cf2f510ed0e459131604a36"},"compra":41,"venta":43.2,"fecha":{"$date":"2019-03-22T00:00:00.000Z"}}
{"_id":{"$oid":"5cf2f510ed0e459131604a37"},"compra":40,"venta":42.2,"fecha":{"$date":"2019-03-22T00:00:00.000Z"}}
{"_id":{"$oid":"5cf2f510ed0e459131604a38"},"compra":41,"venta":43.2,"fecha":{"$date":"2019-03-22T00:00:00.000Z"}}
{"_id":{"$oid":"5cf2f510ed0e459131604a39"},"compra":40.4,"venta":42.6,"fecha":{"$date":"2019-03-22T00:00:00.000Z"}}
{"_id":{"$oid":"5cf2f510ed0e459131604a3a"},"compra":41.2,"venta":43.4,"fecha":{"$date":"2019-03-22T00:00:00.000Z"}}
{"_id":{"$oid":"5cf2f510ed0e459131604a3b"},"compra":40,"venta":42.2,"fecha":{"$date":"2019-03-21T00:00:00.000Z"}}
{"_id":{"$oid":"5cf2f510ed0e459131604a3c"},"compra":40,"venta":42.2,"fecha":{"$date":"2019-03-20T00:00:00.000Z"}}
{"_id":{"$oid":"5cf2f510ed0e459131604a3d"},"compra":40.2,"venta":42.4,"fecha":{"$date":"2019-03-20T00:00:00.000Z"}}
{"_id":{"$oid":"5cf2f510ed0e459131604a3e"},"compra":40,"venta":42.2,"fecha":{"$date":"2019-03-21T00:00:00.000Z"}}
{"_id":{"$oid":"5cf2f510ed0e459131604a3f"},"compra":39.8,"venta":42,"fecha":{"$date":"2019-03-21T00:00:00.000Z"}}
{"_id":{"$oid":"5cf2f510ed0e459131604a40"},"compra":40,"venta":42.2,"fecha":{"$date":"2019-03-20T00:00:00.000Z"}}
{"_id":{"$oid":"5cf2f510ed0e459131604a41"},"compra":39.6,"venta":41.8,"fecha":{"$date":"2019-03-20T00:00:00.000Z"}}
{"_id":{"$oid":"5cf2f510ed0e459131604a42"},"compra":39.5,"venta":41.7,"fecha":{"$date":"2019-03-19T00:00:00.000Z"}}
{"_id":{"$oid":"5cf2f510ed0e459131604a43"},"compra":39.6,"venta":41.8,"fecha":{"$date":"2019-03-19T00:00:00.000Z"}}
{"_id":{"$oid":"5cf2f510ed0e459131604a44"},"compra":39.7,"venta":41.9,"fecha":{"$date":"2019-03-20T00:00:00.000Z"}}
{"_id":{"$oid":"5cf2f510ed0e459131604a45"},"compra":39.5,"venta":41.7,"fecha":{"$date":"2019-03-17T00:00:00.000Z"}}
{"_id":{"$oid":"5cf2f510ed0e459131604a46"},"compra":39.5,"venta":41.7,"fecha":{"$date":"2019-03-16T00:00:00.000Z"}}
{"_id":{"$oid":"5cf2f510ed0e459131604a47"},"compra":39.5,"venta":41.7,"fecha":{"$date":"2019-03-15T00:00:00.000Z"}}
{"_id":{"$oid":"5cf2f510ed0e459131604a48"},"compra":39.3,"venta":41.5,"fecha":{"$date":"2019-03-18T00:00:00.000Z"}}
{"_id":{"$oid":"5cf2f510ed0e459131604a49"},"compra":40,"venta":42.2,"fecha":{"$date":"2019-03-15T00:00:00.000Z"}}
{"_id":{"$oid":"5cf2f510ed0e459131604a4a"},"compra":39.7,"venta":41.9,"fecha":{"$date":"2019-03-15T00:00:00.000Z"}}
{"_id":{"$oid":"5cf2f510ed0e459131604a4b"},"compra":40.3,"venta":42.5,"fecha":{"$date":"2019-03-15T00:00:00.000Z"}}
{"_id":{"$oid":"5cf2f510ed0e459131604a4c"},"compra":39.3,"venta":41.5,"fecha":{"$date":"2019-03-19T00:00:00.000Z"}}
{"_id":{"$oid":"5cf2f510ed0e459131604a4d"},"compra":40.5,"venta":42.7,"fecha":{"$date":"2019-03-13T00:00:00.000Z"}}
{"_id":{"$oid":"5cf2f510ed0e459131604a4e"},"compra":39.5,"venta":41.7,"fecha":{"$date":"2019-03-18T00:00:00.000Z"}}
{"_id":{"$oid":"5cf2f510ed0e459131604a4f"},"compra":40.5,"venta":42.7,"fecha":{"$date":"2019-03-14T00:00:00.000Z"}}
{"_id":{"$oid":"5cf2f510ed0e459131604a50"},"compra":40.6,"venta":42.8,"fecha":{"$date":"2019-03-13T00:00:00.000Z"}}
{"_id":{"$oid":"5cf2f510ed0e459131604a51"},"compra":40.5,"venta":42.7,"fecha":{"$date":"2019-03-13T00:00:00.000Z"}}
{"_id":{"$oid":"5cf2f510ed0e459131604a52"},"compra":40.5,"venta":42.7,"fecha":{"$date":"2019-03-12T00:00:00.000Z"}}
{"_id":{"$oid":"5cf2f510ed0e459131604a53"},"compra":40.4,"venta":42.6,"fecha":{"$date":"2019-03-12T00:00:00.000Z"}}
{"_id":{"$oid":"5cf2f510ed0e459131604a54"},"compra":40.3,"venta":42.5,"fecha":{"$date":"2019-03-12T00:00:00.000Z"}}
{"_id":{"$oid":"5cf2f510ed0e459131604a55"},"compra":40.7,"venta":42.9,"fecha":{"$date":"2019-03-13T00:00:00.000Z"}}
{"_id":{"$oid":"5cf2f510ed0e459131604a56"},"compra":40.3,"venta":42.5,"fecha":{"$date":"2019-03-14T00:00:00.000Z"}}
{"_id":{"$oid":"5cf2f510ed0e459131604a57"},"compra":40.2,"venta":42.4,"fecha":{"$date":"2019-03-11T00:00:00.000Z"}}
{"_id":{"$oid":"5cf2f510ed0e459131604a58"},"compra":40.1,"venta":42.3,"fecha":{"$date":"2019-03-11T00:00:00.000Z"}}
{"_id":{"$oid":"5cf2f510ed0e459131604a59"},"compra":40,"venta":42.2,"fecha":{"$date":"2019-03-11T00:00:00.000Z"}}
{"_id":{"$oid":"5cf2f510ed0e459131604a5a"},"compra":39.9,"venta":42.1,"fecha":{"$date":"2019-03-11T00:00:00.000Z"}}
{"_id":{"$oid":"5cf2f510ed0e459131604a5b"},"compra":40.3,"venta":42.5,"fecha":{"$date":"2019-03-11T00:00:00.000Z"}}
{"_id":{"$oid":"5cf2f510ed0e459131604a5c"},"compra":40.3,"venta":42.5,"fecha":{"$date":"2019-03-10T00:00:00.000Z"}}
{"_id":{"$oid":"5cf2f510ed0e459131604a5d"},"compra":40.2,"venta":42.4,"fecha":{"$date":"2019-03-12T00:00:00.000Z"}}
{"_id":{"$oid":"5cf2f510ed0e459131604a5e"},"compra":40.3,"venta":42.5,"fecha":{"$date":"2019-03-08T00:00:00.000Z"}}
{"_id":{"$oid":"5cf2f510ed0e459131604a5f"},"compra":40.7,"venta":42.9,"fecha":{"$date":"2019-03-08T00:00:00.000Z"}}
{"_id":{"$oid":"5cf2f510ed0e459131604a60"},"compra":40.3,"venta":42.5,"fecha":{"$date":"2019-03-09T00:00:00.000Z"}}
{"_id":{"$oid":"5cf2f510ed0e459131604a61"},"compra":41.1,"venta":43.3,"fecha":{"$date":"2019-03-08T00:00:00.000Z"}}
{"_id":{"$oid":"5cf2f510ed0e459131604a62"},"compra":41.1,"venta":43.5,"fecha":{"$date":"2019-03-08T00:00:00.000Z"}}
{"_id":{"$oid":"5cf2f510ed0e459131604a63"},"compra":41.5,"venta":43.9,"fecha":{"$date":"2019-03-08T00:00:00.000Z"}}
{"_id":{"$oid":"5cf2f510ed0e459131604a64"},"compra":41.5,"venta":43.9,"fecha":{"$date":"2019-03-07T00:00:00.000Z"}}
{"_id":{"$oid":"5cf2f510ed0e459131604a65"},"compra":40.5,"venta":42.7,"fecha":{"$date":"2019-03-08T00:00:00.000Z"}}
{"_id":{"$oid":"5cf2f510ed0e459131604a66"},"compra":41.7,"venta":43.7,"fecha":{"$date":"2019-03-07T00:00:00.000Z"}}
{"_id":{"$oid":"5cf2f510ed0e459131604a67"},"compra":41.7,"venta":43.7,"fecha":{"$date":"2019-03-07T00:00:00.000Z"}}
{"_id":{"$oid":"5cf2f510ed0e459131604a68"},"compra":40.7,"venta":42.7,"fecha":{"$date":"2019-03-07T00:00:00.000Z"}}
{"_id":{"$oid":"5cf2f510ed0e459131604a69"},"compra":40.5,"venta":42.5,"fecha":{"$date":"2019-03-07T00:00:00.000Z"}}
{"_id":{"$oid":"5cf2f510ed0e459131604a6a"},"compra":39.4,"venta":41.4,"fecha":{"$date":"2019-03-07T00:00:00.000Z"}}
{"_id":{"$oid":"5cf2f510ed0e459131604a6b"},"compra":41.3,"venta":43.7,"fecha":{"$date":"2019-03-08T00:00:00.000Z"}}
{"_id":{"$oid":"5cf2f510ed0e459131604a6c"},"compra":41.5,"venta":43.9,"fecha":{"$date":"2019-03-07T00:00:00.000Z"}}
{"_id":{"$oid":"5cf2f510ed0e459131604a6d"},"compra":39.4,"venta":41.4,"fecha":{"$date":"2019-03-06T00:00:00.000Z"}}
{"_id":{"$oid":"5cf2f510ed0e459131604a6e"},"compra":39.5,"venta":41.5,"fecha":{"$date":"2019-03-06T00:00:00.000Z"}}
{"_id":{"$oid":"5cf2f510ed0e459131604a6f"},"compra":39.5,"venta":41.5,"fecha":{"$date":"2019-03-06T00:00:00.000Z"}}
{"_id":{"$oid":"5cf2f510ed0e459131604a70"},"compra":39.8,"venta":41.8,"fecha":{"$date":"2019-03-06T00:00:00.000Z"}}
{"_id":{"$oid":"5cf2f510ed0e459131604a71"},"compra":39.2,"venta":41.2,"fecha":{"$date":"2019-03-06T00:00:00.000Z"}}
{"_id":{"$oid":"5cf2f510ed0e459131604a72"},"compra":39.2,"venta":41.2,"fecha":{"$date":"2019-03-05T00:00:00.000Z"}}
{"_id":{"$oid":"5cf2f510ed0e459131604a73"},"compra":39.2,"venta":41.2,"fecha":{"$date":"2019-03-04T00:00:00.000Z"}}
{"_id":{"$oid":"5cf2f510ed0e459131604a74"},"compra":39.2,"venta":41.2,"fecha":{"$date":"2019-03-03T00:00:00.000Z"}}
{"_id":{"$oid":"5cf2f510ed0e459131604a75"},"compra":39.2,"venta":41.2,"fecha":{"$date":"2019-03-06T00:00:00.000Z"}}
{"_id":{"$oid":"5cf2f510ed0e459131604a76"},"compra":39.2,"venta":41.2,"fecha":{"$date":"2019-03-02T00:00:00.000Z"}}
{"_id":{"$oid":"5cf2f510ed0e459131604a77"},"compra":39.6,"venta":41.6,"fecha":{"$date":"2019-03-06T00:00:00.000Z"}}
{"_id":{"$oid":"5cf2f510ed0e459131604a78"},"compra":39.2,"venta":41.2,"fecha":{"$date":"2019-03-01T00:00:00.000Z"}}
{"_id":{"$oid":"5cf2f510ed0e459131604a79"},"compra":38.9,"venta":40.9,"fecha":{"$date":"2019-03-01T00:00:00.000Z"}}
{"_id":{"$oid":"5cf2f510ed0e459131604a7a"},"compra":38.6,"venta":40.6,"fecha":{"$date":"2019-02-28T00:00:00.000Z"}}
{"_id":{"$oid":"5cf2f510ed0e459131604a7b"},"compra":38.7,"venta":40.7,"fecha":{"$date":"2019-03-01T00:00:00.000Z"}}
{"_id":{"$oid":"5cf2f510ed0e459131604a7c"},"compra":38.4,"venta":40.4,"fecha":{"$date":"2019-02-28T00:00:00.000Z"}}
{"_id":{"$oid":"5cf2f510ed0e459131604a7d"},"compra":38.6,"venta":40.6,"fecha":{"$date":"2019-03-01T00:00:00.000Z"}}
{"_id":{"$oid":"5cf2f510ed0e459131604a7e"},"compra":38.3,"venta":40.3,"fecha":{"$date":"2019-02-28T00:00:00.000Z"}}
{"_id":{"$oid":"5cf2f510ed0e459131604a7f"},"compra":38.3,"venta":40.3,"fecha":{"$date":"2019-02-27T00:00:00.000Z"}}
{"_id":{"$oid":"5cf2f510ed0e459131604a80"},"compra":38.4,"venta":40.4,"fecha":{"$date":"2019-02-27T00:00:00.000Z"}}
{"_id":{"$oid":"5cf2f510ed0e459131604a81"},"compra":38.4,"venta":40.4,"fecha":{"$date":"2019-02-26T00:00:00.000Z"}}
{"_id":{"$oid":"5cf2f510ed0e459131604a82"},"compra":38.6,"venta":40.6,"fecha":{"$date":"2019-02-26T00:00:00.000Z"}}
{"_id":{"$oid":"5cf2f510ed0e459131604a83"},"compra":38.9,"venta":40.9,"fecha":{"$date":"2019-02-25T00:00:00.000Z"}}
{"_id":{"$oid":"5cf2f510ed0e459131604a84"},"compra":38.9,"venta":40.9,"fecha":{"$date":"2019-02-24T00:00:00.000Z"}}
{"_id":{"$oid":"5cf2f510ed0e459131604a85"},"compra":39.1,"venta":41.1,"fecha":{"$date":"2019-02-22T00:00:00.000Z"}}
{"_id":{"$oid":"5cf2f510ed0e459131604a86"},"compra":38.6,"venta":40.6,"fecha":{"$date":"2019-02-25T00:00:00.000Z"}}
{"_id":{"$oid":"5cf2f510ed0e459131604a87"},"compra":38.9,"venta":40.9,"fecha":{"$date":"2019-02-23T00:00:00.000Z"}}
{"_id":{"$oid":"5cf2f510ed0e459131604a88"},"compra":38.8,"venta":40.8,"fecha":{"$date":"2019-02-25T00:00:00.000Z"}}
{"_id":{"$oid":"5cf2f510ed0e459131604a89"},"compra":39.3,"venta":41.3,"fecha":{"$date":"2019-02-21T00:00:00.000Z"}}
{"_id":{"$oid":"5cf2f510ed0e459131604a8a"},"compra":39.5,"venta":41.5,"fecha":{"$date":"2019-02-20T00:00:00.000Z"}}
{"_id":{"$oid":"5cf2f510ed0e459131604a8b"},"compra":39.5,"venta":41.5,"fecha":{"$date":"2019-02-21T00:00:00.000Z"}}
{"_id":{"$oid":"5cf2f510ed0e459131604a8c"},"compra":39.6,"venta":41.6,"fecha":{"$date":"2019-02-20T00:00:00.000Z"}}
{"_id":{"$oid":"5cf2f510ed0e459131604a8d"},"compra":39.8,"venta":41.8,"fecha":{"$date":"2019-02-20T00:00:00.000Z"}}
{"_id":{"$oid":"5cf2f510ed0e459131604a8e"},"compra":39.6,"venta":41.6,"fecha":{"$date":"2019-02-20T00:00:00.000Z"}}
{"_id":{"$oid":"5cf2f510ed0e459131604a8f"},"compra":38.9,"venta":40.9,"fecha":{"$date":"2019-02-22T00:00:00.000Z"}}
{"_id":{"$oid":"5cf2f510ed0e459131604a90"},"compra":39.3,"venta":41.3,"fecha":{"$date":"2019-02-20T00:00:00.000Z"}}
{"_id":{"$oid":"5cf2f510ed0e459131604a91"},"compra":39.3,"venta":41.3,"fecha":{"$date":"2019-02-22T00:00:00.000Z"}}
{"_id":{"$oid":"5cf2f510ed0e459131604a92"},"compra":38.4,"venta":40.4,"fecha":{"$date":"2019-02-19T00:00:00.000Z"}}
{"_id":{"$oid":"5cf2f510ed0e459131604a93"},"compra":38.5,"venta":40.5,"fecha":{"$date":"2019-02-20T00:00:00.000Z"}}
{"_id":{"$oid":"5cf2f510ed0e459131604a94"},"compra":38.9,"venta":40.9,"fecha":{"$date":"2019-02-20T00:00:00.000Z"}}
{"_id":{"$oid":"5cf2f510ed0e459131604a95"},"compra":38.1,"venta":40.1,"fecha":{"$date":"2019-02-19T00:00:00.000Z"}}
{"_id":{"$oid":"5cf2f510ed0e459131604a96"},"compra":37.9,"venta":39.9,"fecha":{"$date":"2019-02-19T00:00:00.000Z"}}
{"_id":{"$oid":"5cf2f510ed0e459131604a97"},"compra":37.8,"venta":39.8,"fecha":{"$date":"2019-02-19T00:00:00.000Z"}}
{"_id":{"$oid":"5cf2f510ed0e459131604a98"},"compra":38.5,"venta":40.5,"fecha":{"$date":"2019-02-19T00:00:00.000Z"}}
{"_id":{"$oid":"5cf2f510ed0e459131604a99"},"compra":38.8,"venta":40.8,"fecha":{"$date":"2019-02-20T00:00:00.000Z"}}
{"_id":{"$oid":"5cf2f510ed0e459131604a9a"},"compra":37.6,"venta":39.6,"fecha":{"$date":"2019-02-17T00:00:00.000Z"}}
{"_id":{"$oid":"5cf2f510ed0e459131604a9b"},"compra":37.6,"venta":39.6,"fecha":{"$date":"2019-02-18T00:00:00.000Z"}}
{"_id":{"$oid":"5cf2f510ed0e459131604a9c"},"compra":37.6,"venta":39.6,"fecha":{"$date":"2019-02-16T00:00:00.000Z"}}
{"_id":{"$oid":"5cf2f510ed0e459131604a9d"},"compra":37.6,"venta":39.6,"fecha":{"$date":"2019-02-15T00:00:00.000Z"}}
{"_id":{"$oid":"5cf2f510ed0e459131604a9e"},"compra":37.4,"venta":39.4,"fecha":{"$date":"2019-02-15T00:00:00.000Z"}}
{"_id":{"$oid":"5cf2f510ed0e459131604a9f"},"compra":37.8,"venta":39.8,"fecha":{"$date":"2019-02-18T00:00:00.000Z"}}
{"_id":{"$oid":"5cf2f510ed0e459131604aa0"},"compra":37.3,"venta":39.3,"fecha":{"$date":"2019-02-14T00:00:00.000Z"}}
{"_id":{"$oid":"5cf2f510ed0e459131604aa1"},"compra":37.4,"venta":39.4,"fecha":{"$date":"2019-02-14T00:00:00.000Z"}}
{"_id":{"$oid":"5cf2f510ed0e459131604aa2"},"compra":37.7,"venta":39.7,"fecha":{"$date":"2019-02-18T00:00:00.000Z"}}
{"_id":{"$oid":"5cf2f510ed0e459131604aa3"},"compra":37.2,"venta":39.2,"fecha":{"$date":"2019-02-14T00:00:00.000Z"}}
{"_id":{"$oid":"5cf2f510ed0e459131604aa4"},"compra":37,"venta":39,"fecha":{"$date":"2019-02-13T00:00:00.000Z"}}
{"_id":{"$oid":"5cf2f510ed0e459131604aa5"},"compra":37,"venta":39,"fecha":{"$date":"2019-02-12T00:00:00.000Z"}}
{"_id":{"$oid":"5cf2f510ed0e459131604aa6"},"compra":37.1,"venta":39.1,"fecha":{"$date":"2019-02-13T00:00:00.000Z"}}
{"_id":{"$oid":"5cf2f510ed0e459131604aa7"},"compra":37.3,"venta":39.3,"fecha":{"$date":"2019-02-12T00:00:00.000Z"}}
{"_id":{"$oid":"5cf2f510ed0e459131604aa8"},"compra":37.3,"venta":39.3,"fecha":{"$date":"2019-02-11T00:00:00.000Z"}}
{"_id":{"$oid":"5cf2f510ed0e459131604aa9"},"compra":37.1,"venta":39.1,"fecha":{"$date":"2019-02-12T00:00:00.000Z"}}
{"_id":{"$oid":"5cf2f510ed0e459131604aaa"},"compra":36.9,"venta":38.9,"fecha":{"$date":"2019-02-10T00:00:00.000Z"}}
{"_id":{"$oid":"5cf2f510ed0e459131604aab"},"compra":36.9,"venta":38.9,"fecha":{"$date":"2019-02-09T00:00:00.000Z"}}
{"_id":{"$oid":"5cf2f510ed0e459131604aac"},"compra":36.9,"venta":38.9,"fecha":{"$date":"2019-02-08T00:00:00.000Z"}}
{"_id":{"$oid":"5cf2f510ed0e459131604aad"},"compra":37.1,"venta":39.1,"fecha":{"$date":"2019-02-11T00:00:00.000Z"}}
{"_id":{"$oid":"5cf2f510ed0e459131604aae"},"compra":36.9,"venta":38.9,"fecha":{"$date":"2019-02-11T00:00:00.000Z"}}
{"_id":{"$oid":"5cf2f510ed0e459131604aaf"},"compra":36.9,"venta":38.9,"fecha":{"$date":"2019-02-07T00:00:00.000Z"}}
{"_id":{"$oid":"5cf2f510ed0e459131604ab0"},"compra":37,"venta":39,"fecha":{"$date":"2019-02-07T00:00:00.000Z"}}
{"_id":{"$oid":"5cf2f510ed0e459131604ab1"},"compra":36.8,"venta":38.8,"fecha":{"$date":"2019-02-07T00:00:00.000Z"}}
{"_id":{"$oid":"5cf2f510ed0e459131604ab2"},"compra":36.5,"venta":38.5,"fecha":{"$date":"2019-02-06T00:00:00.000Z"}}
{"_id":{"$oid":"5cf2f510ed0e459131604ab3"},"compra":37.2,"venta":39.2,"fecha":{"$date":"2019-02-13T00:00:00.000Z"}}
{"_id":{"$oid":"5cf2f510ed0e459131604ab4"},"compra":36.5,"venta":38.5,"fecha":{"$date":"2019-02-07T00:00:00.000Z"}}
{"_id":{"$oid":"5cf2f510ed0e459131604ab5"},"compra":37,"venta":39,"fecha":{"$date":"2019-02-08T00:00:00.000Z"}}
{"_id":{"$oid":"5cf2f510ed0e459131604ab6"},"compra":36.5,"venta":38.5,"fecha":{"$date":"2019-02-05T00:00:00.000Z"}}
{"_id":{"$oid":"5cf2f510ed0e459131604ab7"},"compra":36.5,"venta":38.5,"fecha":{"$date":"2019-02-04T00:00:00.000Z"}}
{"_id":{"$oid":"5cf2f510ed0e459131604ab8"},"compra":36.5,"venta":38.5,"fecha":{"$date":"2019-02-03T00:00:00.000Z"}}
{"_id":{"$oid":"5cf2f510ed0e459131604ab9"},"compra":36.5,"venta":38.5,"fecha":{"$date":"2019-02-02T00:00:00.000Z"}}
{"_id":{"$oid":"5cf2f510ed0e459131604aba"},"compra":36.5,"venta":38.5,"fecha":{"$date":"2019-01-31T00:00:00.000Z"}}
{"_id":{"$oid":"5cf2f510ed0e459131604abb"},"compra":36.5,"venta":38.5,"fecha":{"$date":"2019-02-01T00:00:00.000Z"}}
{"_id":{"$oid":"5cf2f510ed0e459131604abc"},"compra":36.8,"venta":38.8,"fecha":{"$date":"2019-01-31T00:00:00.000Z"}}
{"_id":{"$oid":"5cf2f510ed0e459131604abd"},"compra":36.8,"venta":38.8,"fecha":{"$date":"2019-01-29T00:00:00.000Z"}}
{"_id":{"$oid":"5cf2f510ed0e459131604abe"},"compra":36.5,"venta":38.5,"fecha":{"$date":"2019-01-29T00:00:00.000Z"}}
{"_id":{"$oid":"5cf2f510ed0e459131604abf"},"compra":36.5,"venta":38.5,"fecha":{"$date":"2019-01-28T00:00:00.000Z"}}
{"_id":{"$oid":"5cf2f510ed0e459131604ac0"},"compra":36.5,"venta":38.5,"fecha":{"$date":"2019-01-26T00:00:00.000Z"}}
{"_id":{"$oid":"5cf2f510ed0e459131604ac1"},"compra":36.5,"venta":38.5,"fecha":{"$date":"2019-01-27T00:00:00.000Z"}}
{"_id":{"$oid":"5cf2f510ed0e459131604ac2"},"compra":36.8,"venta":38.8,"fecha":{"$date":"2019-01-30T00:00:00.000Z"}}
{"_id":{"$oid":"5cf2f510ed0e459131604ac3"},"compra":36.6,"venta":38.6,"fecha":{"$date":"2019-01-31T00:00:00.000Z"}}
{"_id":{"$oid":"5cf2f510ed0e459131604ac4"},"compra":36.6,"venta":38.6,"fecha":{"$date":"2019-01-25T00:00:00.000Z"}}
{"_id":{"$oid":"5cf2f510ed0e459131604ac5"},"compra":36.9,"venta":38.9,"fecha":{"$date":"2019-01-24T00:00:00.000Z"}}
{"_id":{"$oid":"5cf2f510ed0e459131604ac6"},"compra":36.5,"venta":38.5,"fecha":{"$date":"2019-01-25T00:00:00.000Z"}}
{"_id":{"$oid":"5cf2f510ed0e459131604ac7"},"compra":36.9,"venta":38.9,"fecha":{"$date":"2019-01-23T00:00:00.000Z"}}
{"_id":{"$oid":"5cf2f510ed0e459131604ac8"},"compra":36.9,"venta":38.9,"fecha":{"$date":"2019-01-22T00:00:00.000Z"}}
{"_id":{"$oid":"5cf2f510ed0e459131604ac9"},"compra":37.1,"venta":39.1,"fecha":{"$date":"2019-01-22T00:00:00.000Z"}}
{"_id":{"$oid":"5cf2f510ed0e459131604aca"},"compra":37.1,"venta":39.1,"fecha":{"$date":"2019-01-21T00:00:00.000Z"}}
{"_id":{"$oid":"5cf2f510ed0e459131604acb"},"compra":36.8,"venta":38.8,"fecha":{"$date":"2019-01-25T00:00:00.000Z"}}
{"_id":{"$oid":"5cf2f510ed0e459131604acc"},"compra":37.1,"venta":39.1,"fecha":{"$date":"2019-01-20T00:00:00.000Z"}}
{"_id":{"$oid":"5cf2f510ed0e459131604acd"},"compra":36.9,"venta":38.9,"fecha":{"$date":"2019-01-25T00:00:00.000Z"}}
{"_id":{"$oid":"5cf2f510ed0e459131604ace"},"compra":37.1,"venta":39.1,"fecha":{"$date":"2019-01-19T00:00:00.000Z"}}
{"_id":{"$oid":"5cf2f510ed0e459131604acf"},"compra":37.1,"venta":39.1,"fecha":{"$date":"2019-01-18T00:00:00.000Z"}}
{"_id":{"$oid":"5cf2f510ed0e459131604ad0"},"compra":37.5,"venta":39.5,"fecha":{"$date":"2019-01-17T00:00:00.000Z"}}
{"_id":{"$oid":"5cf2f510ed0e459131604ad1"},"compra":37,"venta":39,"fecha":{"$date":"2019-01-17T00:00:00.000Z"}}
{"_id":{"$oid":"5cf2f510ed0e459131604ad2"},"compra":37.3,"venta":39.3,"fecha":{"$date":"2019-01-17T00:00:00.000Z"}}
{"_id":{"$oid":"5cf2f510ed0e459131604ad3"},"compra":36.8,"venta":38.8,"fecha":{"$date":"2019-01-16T00:00:00.000Z"}}
{"_id":{"$oid":"5cf2f510ed0e459131604ad4"},"compra":36.6,"venta":38.6,"fecha":{"$date":"2019-01-16T00:00:00.000Z"}}
{"_id":{"$oid":"5cf2f510ed0e459131604ad5"},"compra":36.8,"venta":38.8,"fecha":{"$date":"2019-01-17T00:00:00.000Z"}}
{"_id":{"$oid":"5cf2f510ed0e459131604ad6"},"compra":36.6,"venta":38.6,"fecha":{"$date":"2019-01-15T00:00:00.000Z"}}
{"_id":{"$oid":"5cf2f510ed0e459131604ad7"},"compra":36.9,"venta":38.9,"fecha":{"$date":"2019-01-15T00:00:00.000Z"}}
{"_id":{"$oid":"5cf2f510ed0e459131604ad8"},"compra":36.9,"venta":38.9,"fecha":{"$date":"2019-01-14T00:00:00.000Z"}}
{"_id":{"$oid":"5cf2f510ed0e459131604ad9"},"compra":36.9,"venta":38.9,"fecha":{"$date":"2019-01-13T00:00:00.000Z"}}
{"_id":{"$oid":"5cf2f510ed0e459131604ada"},"compra":37.3,"venta":39.3,"fecha":{"$date":"2019-01-18T00:00:00.000Z"}}
{"_id":{"$oid":"5cf2f510ed0e459131604adb"},"compra":36.9,"venta":38.9,"fecha":{"$date":"2019-01-12T00:00:00.000Z"}}
{"_id":{"$oid":"5cf2f510ed0e459131604adc"},"compra":36.8,"venta":38.8,"fecha":{"$date":"2019-01-15T00:00:00.000Z"}}
{"_id":{"$oid":"5cf2f510ed0e459131604add"},"compra":36.9,"venta":38.9,"fecha":{"$date":"2019-01-11T00:00:00.000Z"}}
{"_id":{"$oid":"5cf2f510ed0e459131604ade"},"compra":37,"venta":39,"fecha":{"$date":"2019-01-10T00:00:00.000Z"}}
{"_id":{"$oid":"5cf2f510ed0e459131604adf"},"compra":37,"venta":39,"fecha":{"$date":"2019-01-11T00:00:00.000Z"}}
{"_id":{"$oid":"5cf2f510ed0e459131604ae0"},"compra":37.2,"venta":39.2,"fecha":{"$date":"2019-01-10T00:00:00.000Z"}}
{"_id":{"$oid":"5cf2f510ed0e459131604ae1"},"compra":36.9,"venta":38.9,"fecha":{"$date":"2019-01-11T00:00:00.000Z"}}
{"_id":{"$oid":"5cf2f510ed0e459131604ae2"},"compra":37.2,"venta":39.2,"fecha":{"$date":"2019-01-07T00:00:00.000Z"}}
{"_id":{"$oid":"5cf2f510ed0e459131604ae3"},"compra":37.2,"venta":39.2,"fecha":{"$date":"2019-01-06T00:00:00.000Z"}}
{"_id":{"$oid":"5cf2f510ed0e459131604ae4"},"compra":37.2,"venta":39.2,"fecha":{"$date":"2019-01-05T00:00:00.000Z"}}
{"_id":{"$oid":"5cf2f510ed0e459131604ae5"},"compra":37.2,"venta":39.2,"fecha":{"$date":"2019-01-08T00:00:00.000Z"}}
{"_id":{"$oid":"5cf2f510ed0e459131604ae6"},"compra":37.2,"venta":39.2,"fecha":{"$date":"2019-01-04T00:00:00.000Z"}}
{"_id":{"$oid":"5cf2f510ed0e459131604ae7"},"compra":37.2,"venta":39.2,"fecha":{"$date":"2019-01-03T00:00:00.000Z"}}
{"_id":{"$oid":"5cf2f510ed0e459131604ae8"},"compra":37.5,"venta":39.5,"fecha":{"$date":"2019-01-02T00:00:00.000Z"}}
{"_id":{"$oid":"5cf2f510ed0e459131604ae9"},"compra":0,"venta":0,"fecha":{"$date":"2019-01-11T00:00:00.000Z"}}
{"_id":{"$oid":"5cf2f510ed0e459131604aea"},"compra":37.5,"venta":39.5,"fecha":{"$date":"2019-01-03T00:00:00.000Z"}}
{"_id":{"$oid":"5cf2f510ed0e459131604aeb"},"compra":37.2,"venta":39.2,"fecha":{"$date":"2019-01-09T00:00:00.000Z"}}
{"_id":{"$oid":"5cf2f510ed0e459131604aec"},"compra":37.5,"venta":39.5,"fecha":{"$date":"2018-12-29T00:00:00.000Z"}}
{"_id":{"$oid":"5cf2f510ed0e459131604aed"},"compra":37.5,"venta":39.5,"fecha":{"$date":"2018-12-28T00:00:00.000Z"}}
{"_id":{"$oid":"5cf2f510ed0e459131604aee"},"compra":37.7,"venta":39.7,"fecha":{"$date":"2018-12-28T00:00:00.000Z"}}
{"_id":{"$oid":"5cf2f510ed0e459131604aef"},"compra":37.7,"venta":39.7,"fecha":{"$date":"2018-12-27T00:00:00.000Z"}}
{"_id":{"$oid":"5cf2f510ed0e459131604af0"},"compra":37.9,"venta":39.9,"fecha":{"$date":"2018-12-27T00:00:00.000Z"}}
{"_id":{"$oid":"5cf2f510ed0e459131604af1"},"compra":37.5,"venta":39.5,"fecha":{"$date":"2019-01-01T00:00:00.000Z"}}
{"_id":{"$oid":"5cf2f510ed0e459131604af2"},"compra":37.5,"venta":39.5,"fecha":{"$date":"2018-12-30T00:00:00.000Z"}}
{"_id":{"$oid":"5cf2f510ed0e459131604af3"},"compra":37.5,"venta":39.5,"fecha":{"$date":"2018-12-31T00:00:00.000Z"}}
{"_id":{"$oid":"5cf2f510ed0e459131604af4"},"compra":37.7,"venta":39.7,"fecha":{"$date":"2018-12-27T00:00:00.000Z"}}
{"_id":{"$oid":"5cf2f510ed0e459131604af5"},"compra":37.5,"venta":39.5,"fecha":{"$date":"2018-12-26T00:00:00.000Z"}}
{"_id":{"$oid":"5cf2f510ed0e459131604af6"},"compra":37.3,"venta":39.3,"fecha":{"$date":"2018-12-26T00:00:00.000Z"}}
{"_id":{"$oid":"5cf2f510ed0e459131604af7"},"compra":37.3,"venta":39.3,"fecha":{"$date":"2018-12-24T00:00:00.000Z"}}
{"_id":{"$oid":"5cf2f510ed0e459131604af8"},"compra":37.3,"venta":39.3,"fecha":{"$date":"2018-12-23T00:00:00.000Z"}}
{"_id":{"$oid":"5cf2f510ed0e459131604af9"},"compra":37.3,"venta":39.3,"fecha":{"$date":"2018-12-25T00:00:00.000Z"}}
{"_id":{"$oid":"5cf2f510ed0e459131604afa"},"compra":37.3,"venta":39.3,"fecha":{"$date":"2018-12-22T00:00:00.000Z"}}
{"_id":{"$oid":"5cf2f510ed0e459131604afb"},"compra":37.7,"venta":39.7,"fecha":{"$date":"2018-12-26T00:00:00.000Z"}}
{"_id":{"$oid":"5cf2f510ed0e459131604afc"},"compra":37.5,"venta":39.5,"fecha":{"$date":"2018-12-19T00:00:00.000Z"}}
{"_id":{"$oid":"5cf2f510ed0e459131604afd"},"compra":37.2,"venta":39.2,"fecha":{"$date":"2018-12-19T00:00:00.000Z"}}
{"_id":{"$oid":"5cf2f510ed0e459131604afe"},"compra":37.3,"venta":39.3,"fecha":{"$date":"2018-12-21T00:00:00.000Z"}}
{"_id":{"$oid":"5cf2f510ed0e459131604aff"},"compra":37.5,"venta":39.5,"fecha":{"$date":"2018-12-20T00:00:00.000Z"}}
{"_id":{"$oid":"5cf2f510ed0e459131604b00"},"compra":37,"venta":39,"fecha":{"$date":"2018-12-18T00:00:00.000Z"}}
{"_id":{"$oid":"5cf2f510ed0e459131604b01"},"compra":36.9,"venta":38.9,"fecha":{"$date":"2018-12-18T00:00:00.000Z"}}
{"_id":{"$oid":"5cf2f510ed0e459131604b02"},"compra":36.9,"venta":38.9,"fecha":{"$date":"2018-12-17T00:00:00.000Z"}}
{"_id":{"$oid":"5cf2f510ed0e459131604b03"},"compra":36.7,"venta":38.7,"fecha":{"$date":"2018-12-17T00:00:00.000Z"}}
{"_id":{"$oid":"5cf2f510ed0e459131604b04"},"compra":36.5,"venta":38.5,"fecha":{"$date":"2018-12-17T00:00:00.000Z"}}
{"_id":{"$oid":"5cf2f510ed0e459131604b05"},"compra":37.5,"venta":39.5,"fecha":{"$date":"2018-12-21T00:00:00.000Z"}}
{"_id":{"$oid":"5cf2f510ed0e459131604b06"},"compra":36.5,"venta":38.5,"fecha":{"$date":"2018-12-16T00:00:00.000Z"}}
{"_id":{"$oid":"5cf2f510ed0e459131604b07"},"compra":36.5,"venta":38.5,"fecha":{"$date":"2018-12-15T00:00:00.000Z"}}
{"_id":{"$oid":"5cf2f510ed0e459131604b08"},"compra":37.2,"venta":39.2,"fecha":{"$date":"2018-12-18T00:00:00.000Z"}}
{"_id":{"$oid":"5cf2f510ed0e459131604b09"},"compra":36.5,"venta":38.5,"fecha":{"$date":"2018-12-14T00:00:00.000Z"}}
{"_id":{"$oid":"5cf2f510ed0e459131604b0a"},"compra":37,"venta":39,"fecha":{"$date":"2018-12-14T00:00:00.000Z"}}
{"_id":{"$oid":"5cf2f510ed0e459131604b0b"},"compra":36.5,"venta":38.5,"fecha":{"$date":"2018-12-13T00:00:00.000Z"}}
{"_id":{"$oid":"5cf2f510ed0e459131604b0c"},"compra":36.9,"venta":38.9,"fecha":{"$date":"2018-12-14T00:00:00.000Z"}}
{"_id":{"$oid":"5cf2f510ed0e459131604b0d"},"compra":36.4,"venta":38.4,"fecha":{"$date":"2018-12-13T00:00:00.000Z"}}
{"_id":{"$oid":"5cf2f510ed0e459131604b0e"},"compra":36.4,"venta":38.4,"fecha":{"$date":"2018-12-12T00:00:00.000Z"}}
{"_id":{"$oid":"5cf2f510ed0e459131604b0f"},"compra":36.2,"venta":38.2,"fecha":{"$date":"2018-12-12T00:00:00.000Z"}}
{"_id":{"$oid":"5cf2f510ed0e459131604b10"},"compra":36.7,"venta":38.7,"fecha":{"$date":"2018-12-14T00:00:00.000Z"}}
{"_id":{"$oid":"5cf2f510ed0e459131604b11"},"compra":36.2,"venta":38.2,"fecha":{"$date":"2018-12-11T00:00:00.000Z"}}
{"_id":{"$oid":"5cf2f510ed0e459131604b12"},"compra":36.5,"venta":38.5,"fecha":{"$date":"2018-12-14T00:00:00.000Z"}}
{"_id":{"$oid":"5cf2f510ed0e459131604b13"},"compra":36,"venta":38,"fecha":{"$date":"2018-12-11T00:00:00.000Z"}}
{"_id":{"$oid":"5cf2f510ed0e459131604b14"},"compra":35.9,"venta":37.9,"fecha":{"$date":"2018-12-10T00:00:00.000Z"}}
{"_id":{"$oid":"5cf2f510ed0e459131604b15"},"compra":36.2,"venta":38.2,"fecha":{"$date":"2018-12-10T00:00:00.000Z"}}
{"_id":{"$oid":"5cf2f510ed0e459131604b16"},"compra":35.9,"venta":37.9,"fecha":{"$date":"2018-12-09T00:00:00.000Z"}}
{"_id":{"$oid":"5cf2f510ed0e459131604b17"},"compra":35.9,"venta":37.9,"fecha":{"$date":"2018-12-08T00:00:00.000Z"}}
{"_id":{"$oid":"5cf2f510ed0e459131604b18"},"compra":35.9,"venta":37.9,"fecha":{"$date":"2018-12-07T00:00:00.000Z"}}
{"_id":{"$oid":"5cf2f510ed0e459131604b19"},"compra":36,"venta":38,"fecha":{"$date":"2018-12-10T00:00:00.000Z"}}
{"_id":{"$oid":"5cf2f510ed0e459131604b1a"},"compra":36.1,"venta":38.1,"fecha":{"$date":"2018-12-11T00:00:00.000Z"}}
{"_id":{"$oid":"5cf2f510ed0e459131604b1b"},"compra":36.1,"venta":38.1,"fecha":{"$date":"2018-12-07T00:00:00.000Z"}}
{"_id":{"$oid":"5cf2f510ed0e459131604b1c"},"compra":36,"venta":38,"fecha":{"$date":"2018-12-07T00:00:00.000Z"}}
{"_id":{"$oid":"5cf2f510ed0e459131604b1d"},"compra":36.2,"venta":38.2,"fecha":{"$date":"2018-12-06T00:00:00.000Z"}}
{"_id":{"$oid":"5cf2f510ed0e459131604b1e"},"compra":36.1,"venta":38.1,"fecha":{"$date":"2018-12-06T00:00:00.000Z"}}
{"_id":{"$oid":"5cf2f510ed0e459131604b1f"},"compra":36,"venta":38,"fecha":{"$date":"2018-12-07T00:00:00.000Z"}}
{"_id":{"$oid":"5cf2f510ed0e459131604b20"},"compra":36.3,"venta":38.3,"fecha":{"$date":"2018-12-06T00:00:00.000Z"}}
{"_id":{"$oid":"5cf2f510ed0e459131604b21"},"compra":36,"venta":38,"fecha":{"$date":"2018-12-06T00:00:00.000Z"}}
{"_id":{"$oid":"5cf2f510ed0e459131604b22"},"compra":36.2,"venta":38.2,"fecha":{"$date":"2018-12-07T00:00:00.000Z"}}
{"_id":{"$oid":"5cf2f510ed0e459131604b23"},"compra":36,"venta":38,"fecha":{"$date":"2018-12-06T00:00:00.000Z"}}
{"_id":{"$oid":"5cf2f510ed0e459131604b24"},"compra":35.8,"venta":37.8,"fecha":{"$date":"2018-12-05T00:00:00.000Z"}}
{"_id":{"$oid":"5cf2f510ed0e459131604b25"},"compra":35.8,"venta":37.8,"fecha":{"$date":"2018-12-04T00:00:00.000Z"}}
{"_id":{"$oid":"5cf2f510ed0e459131604b26"},"compra":35.1,"venta":37.1,"fecha":{"$date":"2018-12-04T00:00:00.000Z"}}
{"_id":{"$oid":"5cf2f510ed0e459131604b27"},"compra":35.5,"venta":37.5,"fecha":{"$date":"2018-12-04T00:00:00.000Z"}}
{"_id":{"$oid":"5cf2f510ed0e459131604b28"},"compra":35.1,"venta":37.1,"fecha":{"$date":"2018-12-03T00:00:00.000Z"}}
{"_id":{"$oid":"5cf2f510ed0e459131604b29"},"compra":35.3,"venta":37.3,"fecha":{"$date":"2018-12-03T00:00:00.000Z"}}
{"_id":{"$oid":"5cf2f510ed0e459131604b2a"},"compra":36.4,"venta":38.4,"fecha":{"$date":"2018-12-06T00:00:00.000Z"}}
{"_id":{"$oid":"5cf2f510ed0e459131604b2b"},"compra":36,"venta":38,"fecha":{"$date":"2018-12-03T00:00:00.000Z"}}
{"_id":{"$oid":"5cf2f510ed0e459131604b2c"},"compra":36,"venta":38,"fecha":{"$date":"2018-12-05T00:00:00.000Z"}}
{"_id":{"$oid":"5cf2f510ed0e459131604b2d"},"compra":36.2,"venta":38.2,"fecha":{"$date":"2018-12-03T00:00:00.000Z"}}
{"_id":{"$oid":"5cf2f510ed0e459131604b2e"},"compra":36.2,"venta":38.2,"fecha":{"$date":"2018-12-02T00:00:00.000Z"}}
{"_id":{"$oid":"5cf2f510ed0e459131604b2f"},"compra":36.2,"venta":38.2,"fecha":{"$date":"2018-12-01T00:00:00.000Z"}}
{"_id":{"$oid":"5cf2f510ed0e459131604b30"},"compra":36.2,"venta":38.2,"fecha":{"$date":"2018-11-30T00:00:00.000Z"}}
{"_id":{"$oid":"5cf2f510ed0e459131604b31"},"compra":36.2,"venta":38.2,"fecha":{"$date":"2018-11-29T00:00:00.000Z"}}
{"_id":{"$oid":"5cf2f510ed0e459131604b32"},"compra":36.4,"venta":38.4,"fecha":{"$date":"2018-11-29T00:00:00.000Z"}}
{"_id":{"$oid":"5cf2f510ed0e459131604b33"},"compra":36.7,"venta":38.7,"fecha":{"$date":"2018-11-28T00:00:00.000Z"}}
{"_id":{"$oid":"5cf2f510ed0e459131604b34"},"compra":36.9,"venta":38.9,"fecha":{"$date":"2018-11-28T00:00:00.000Z"}}
{"_id":{"$oid":"5cf2f510ed0e459131604b35"},"compra":36.9,"venta":38.9,"fecha":{"$date":"2018-11-28T00:00:00.000Z"}}
{"_id":{"$oid":"5cf2f510ed0e459131604b36"},"compra":36.7,"venta":38.7,"fecha":{"$date":"2018-11-28T00:00:00.000Z"}}
{"_id":{"$oid":"5cf2f510ed0e459131604b37"},"compra":36.4,"venta":38.4,"fecha":{"$date":"2018-11-28T00:00:00.000Z"}}
{"_id":{"$oid":"5cf2f510ed0e459131604b38"},"compra":37,"venta":39,"fecha":{"$date":"2018-11-28T00:00:00.000Z"}}
{"_id":{"$oid":"5cf2f510ed0e459131604b39"},"compra":37.1,"venta":39.1,"fecha":{"$date":"2018-11-28T00:00:00.000Z"}}
{"_id":{"$oid":"5cf2f510ed0e459131604b3a"},"compra":37.1,"venta":39.1,"fecha":{"$date":"2018-11-27T00:00:00.000Z"}}
{"_id":{"$oid":"5cf2f510ed0e459131604b3b"},"compra":37.2,"venta":39.2,"fecha":{"$date":"2018-11-27T00:00:00.000Z"}}
{"_id":{"$oid":"5cf2f510ed0e459131604b3c"},"compra":37.4,"venta":39.4,"fecha":{"$date":"2018-11-26T00:00:00.000Z"}}
{"_id":{"$oid":"5cf2f510ed0e459131604b3d"},"compra":35.8,"venta":37.8,"fecha":{"$date":"2018-12-03T00:00:00.000Z"}}
{"_id":{"$oid":"5cf2f510ed0e459131604b3e"},"compra":37.4,"venta":39.4,"fecha":{"$date":"2018-11-27T00:00:00.000Z"}}
{"_id":{"$oid":"5cf2f510ed0e459131604b3f"},"compra":37.4,"venta":39.4,"fecha":{"$date":"2018-11-26T00:00:00.000Z"}}
{"_id":{"$oid":"5cf2f510ed0e459131604b40"},"compra":37.2,"venta":39.2,"fecha":{"$date":"2018-11-26T00:00:00.000Z"}}
{"_id":{"$oid":"5cf2f510ed0e459131604b41"},"compra":37.2,"venta":39.2,"fecha":{"$date":"2018-11-26T00:00:00.000Z"}}
{"_id":{"$oid":"5cf2f510ed0e459131604b42"},"compra":35.5,"venta":37.5,"fecha":{"$date":"2018-12-03T00:00:00.000Z"}}
{"_id":{"$oid":"5cf2f510ed0e459131604b43"},"compra":35.9,"venta":37.9,"fecha":{"$date":"2018-11-26T00:00:00.000Z"}}
{"_id":{"$oid":"5cf2f510ed0e459131604b44"},"compra":36.8,"venta":38.8,"fecha":{"$date":"2018-11-26T00:00:00.000Z"}}
{"_id":{"$oid":"5cf2f510ed0e459131604b45"},"compra":35.7,"venta":37.7,"fecha":{"$date":"2018-11-25T00:00:00.000Z"}}
{"_id":{"$oid":"5cf2f510ed0e459131604b46"},"compra":35.7,"venta":37.7,"fecha":{"$date":"2018-11-24T00:00:00.000Z"}}
{"_id":{"$oid":"5cf2f510ed0e459131604b47"},"compra":36,"venta":38,"fecha":{"$date":"2018-11-26T00:00:00.000Z"}}
{"_id":{"$oid":"5cf2f510ed0e459131604b48"},"compra":35.7,"venta":37.7,"fecha":{"$date":"2018-11-23T00:00:00.000Z"}}
{"_id":{"$oid":"5cf2f510ed0e459131604b49"},"compra":35.5,"venta":37.5,"fecha":{"$date":"2018-11-23T00:00:00.000Z"}}
{"_id":{"$oid":"5cf2f510ed0e459131604b4a"},"compra":35.1,"venta":37.1,"fecha":{"$date":"2018-11-23T00:00:00.000Z"}}
{"_id":{"$oid":"5cf2f510ed0e459131604b4b"},"compra":35,"venta":37,"fecha":{"$date":"2018-11-23T00:00:00.000Z"}}
{"_id":{"$oid":"5cf2f510ed0e459131604b4c"},"compra":36.3,"venta":38.3,"fecha":{"$date":"2018-11-26T00:00:00.000Z"}}
{"_id":{"$oid":"5cf2f510ed0e459131604b4d"},"compra":35,"venta":37,"fecha":{"$date":"2018-11-23T00:00:00.000Z"}}
{"_id":{"$oid":"5cf2f510ed0e459131604b4e"},"compra":34.9,"venta":36.9,"fecha":{"$date":"2018-11-22T00:00:00.000Z"}}
{"_id":{"$oid":"5cf2f510ed0e459131604b4f"},"compra":34.8,"venta":36.8,"fecha":{"$date":"2018-11-22T00:00:00.000Z"}}
{"_id":{"$oid":"5cf2f510ed0e459131604b50"},"compra":34.8,"venta":36.8,"fecha":{"$date":"2018-11-21T00:00:00.000Z"}}
{"_id":{"$oid":"5cf2f510ed0e459131604b51"},"compra":34.9,"venta":36.9,"fecha":{"$date":"2018-11-21T00:00:00.000Z"}}
{"_id":{"$oid":"5cf2f510ed0e459131604b52"},"compra":35.1,"venta":37.1,"fecha":{"$date":"2018-11-23T00:00:00.000Z"}}
{"_id":{"$oid":"5cf2f510ed0e459131604b53"},"compra":35,"venta":37,"fecha":{"$date":"2018-11-22T00:00:00.000Z"}}
{"_id":{"$oid":"5cf2f510ed0e459131604b54"},"compra":35.7,"venta":37.7,"fecha":{"$date":"2018-11-26T00:00:00.000Z"}}
{"_id":{"$oid":"5cf2f510ed0e459131604b55"},"compra":35,"venta":37,"fecha":{"$date":"2018-11-21T00:00:00.000Z"}}
{"_id":{"$oid":"5cf2f510ed0e459131604b56"},"compra":35,"venta":37,"fecha":{"$date":"2018-11-20T00:00:00.000Z"}}
{"_id":{"$oid":"5cf2f510ed0e459131604b57"},"compra":34.8,"venta":36.8,"fecha":{"$date":"2018-11-18T00:00:00.000Z"}}
{"_id":{"$oid":"5cf2f510ed0e459131604b58"},"compra":34.8,"venta":36.8,"fecha":{"$date":"2018-11-17T00:00:00.000Z"}}
{"_id":{"$oid":"5cf2f510ed0e459131604b59"},"compra":34.8,"venta":36.8,"fecha":{"$date":"2018-11-16T00:00:00.000Z"}}
{"_id":{"$oid":"5cf2f510ed0e459131604b5a"},"compra":34.8,"venta":36.8,"fecha":{"$date":"2018-11-20T00:00:00.000Z"}}
{"_id":{"$oid":"5cf2f510ed0e459131604b5b"},"compra":34.8,"venta":36.8,"fecha":{"$date":"2018-11-15T00:00:00.000Z"}}
{"_id":{"$oid":"5cf2f510ed0e459131604b5c"},"compra":34.9,"venta":36.9,"fecha":{"$date":"2018-11-14T00:00:00.000Z"}}
{"_id":{"$oid":"5cf2f510ed0e459131604b5d"},"compra":35,"venta":37,"fecha":{"$date":"2018-11-14T00:00:00.000Z"}}
{"_id":{"$oid":"5cf2f510ed0e459131604b5e"},"compra":34.7,"venta":36.7,"fecha":{"$date":"2018-11-14T00:00:00.000Z"}}
{"_id":{"$oid":"5cf2f510ed0e459131604b5f"},"compra":34.7,"venta":36.7,"fecha":{"$date":"2018-11-13T00:00:00.000Z"}}
{"_id":{"$oid":"5cf2f510ed0e459131604b60"},"compra":34.5,"venta":36.5,"fecha":{"$date":"2018-11-13T00:00:00.000Z"}}
{"_id":{"$oid":"5cf2f510ed0e459131604b61"},"compra":34.8,"venta":36.8,"fecha":{"$date":"2018-11-19T00:00:00.000Z"}}
{"_id":{"$oid":"5cf2f510ed0e459131604b62"},"compra":34.9,"venta":36.9,"fecha":{"$date":"2018-11-15T00:00:00.000Z"}}
{"_id":{"$oid":"5cf2f510ed0e459131604b63"},"compra":34.4,"venta":36.4,"fecha":{"$date":"2018-11-13T00:00:00.000Z"}}
{"_id":{"$oid":"5cf2f510ed0e459131604b64"},"compra":34.4,"venta":36.4,"fecha":{"$date":"2018-11-12T00:00:00.000Z"}}
{"_id":{"$oid":"5cf2f510ed0e459131604b65"},"compra":34.5,"venta":36.5,"fecha":{"$date":"2018-11-12T00:00:00.000Z"}}
{"_id":{"$oid":"5cf2f510ed0e459131604b66"},"compra":34.2,"venta":36.2,"fecha":{"$date":"2018-11-13T00:00:00.000Z"}}
{"_id":{"$oid":"5cf2f510ed0e459131604b67"},"compra":34.7,"venta":36.7,"fecha":{"$date":"2018-11-11T00:00:00.000Z"}}
{"_id":{"$oid":"5cf2f510ed0e459131604b68"},"compra":34.7,"venta":36.7,"fecha":{"$date":"2018-11-10T00:00:00.000Z"}}
{"_id":{"$oid":"5cf2f510ed0e459131604b69"},"compra":34.2,"venta":36.2,"fecha":{"$date":"2018-11-12T00:00:00.000Z"}}
{"_id":{"$oid":"5cf2f510ed0e459131604b6a"},"compra":34.8,"venta":37.8,"fecha":{"$date":"2018-11-15T00:00:00.000Z"}}
{"_id":{"$oid":"5cf2f510ed0e459131604b6b"},"compra":34.7,"venta":36.7,"fecha":{"$date":"2018-11-12T00:00:00.000Z"}}
{"_id":{"$oid":"5cf2f510ed0e459131604b6c"},"compra":34.7,"venta":36.7,"fecha":{"$date":"2018-11-09T00:00:00.000Z"}}
{"_id":{"$oid":"5cf2f510ed0e459131604b6d"},"compra":34.9,"venta":36.9,"fecha":{"$date":"2018-11-07T00:00:00.000Z"}}
{"_id":{"$oid":"5cf2f510ed0e459131604b6e"},"compra":34.9,"venta":36.9,"fecha":{"$date":"2018-11-06T00:00:00.000Z"}}
{"_id":{"$oid":"5cf2f510ed0e459131604b6f"},"compra":34.9,"venta":36.9,"fecha":{"$date":"2018-11-05T00:00:00.000Z"}}
{"_id":{"$oid":"5cf2f510ed0e459131604b70"},"compra":34.9,"venta":36.9,"fecha":{"$date":"2018-11-04T00:00:00.000Z"}}
{"_id":{"$oid":"5cf2f510ed0e459131604b71"},"compra":34.9,"venta":36.9,"fecha":{"$date":"2018-11-03T00:00:00.000Z"}}
{"_id":{"$oid":"5cf2f510ed0e459131604b72"},"compra":34.9,"venta":36.9,"fecha":{"$date":"2018-11-02T00:00:00.000Z"}}
{"_id":{"$oid":"5cf2f510ed0e459131604b73"},"compra":34.8,"venta":36.8,"fecha":{"$date":"2018-11-09T00:00:00.000Z"}}
{"_id":{"$oid":"5cf2f510ed0e459131604b74"},"compra":34.9,"venta":36.9,"fecha":{"$date":"2018-11-01T00:00:00.000Z"}}
{"_id":{"$oid":"5cf2f510ed0e459131604b75"},"compra":35.1,"venta":37.1,"fecha":{"$date":"2018-10-31T00:00:00.000Z"}}
{"_id":{"$oid":"5cf2f510ed0e459131604b76"},"compra":35.1,"venta":37.1,"fecha":{"$date":"2018-11-01T00:00:00.000Z"}}
{"_id":{"$oid":"5cf2f510ed0e459131604b77"},"compra":35.3,"venta":37.3,"fecha":{"$date":"2018-10-31T00:00:00.000Z"}}
{"_id":{"$oid":"5cf2f510ed0e459131604b78"},"compra":34.8,"venta":36.8,"fecha":{"$date":"2018-11-08T00:00:00.000Z"}}
{"_id":{"$oid":"5cf2f510ed0e459131604b79"},"compra":34.9,"venta":36.9,"fecha":{"$date":"2018-11-08T00:00:00.000Z"}}
{"_id":{"$oid":"5cf2f510ed0e459131604b7a"},"compra":35.5,"venta":37.5,"fecha":{"$date":"2018-10-31T00:00:00.000Z"}}
{"_id":{"$oid":"5cf2f510ed0e459131604b7b"},"compra":36.3,"venta":38.3,"fecha":{"$date":"2018-10-30T00:00:00.000Z"}}
{"_id":{"$oid":"5cf2f510ed0e459131604b7c"},"compra":35.9,"venta":37.9,"fecha":{"$date":"2018-10-30T00:00:00.000Z"}}
{"_id":{"$oid":"5cf2f510ed0e459131604b7d"},"compra":35.9,"venta":37.9,"fecha":{"$date":"2018-10-29T00:00:00.000Z"}}
{"_id":{"$oid":"5cf2f510ed0e459131604b7e"},"compra":35.9,"venta":37.9,"fecha":{"$date":"2018-10-28T00:00:00.000Z"}}
{"_id":{"$oid":"5cf2f510ed0e459131604b7f"},"compra":36,"venta":38,"fecha":{"$date":"2018-10-30T00:00:00.000Z"}}
{"_id":{"$oid":"5cf2f510ed0e459131604b80"},"compra":35.9,"venta":37.9,"fecha":{"$date":"2018-10-26T00:00:00.000Z"}}
{"_id":{"$oid":"5cf2f510ed0e459131604b81"},"compra":35.9,"venta":37.9,"fecha":{"$date":"2018-10-27T00:00:00.000Z"}}
{"_id":{"$oid":"5cf2f510ed0e459131604b82"},"compra":36.1,"venta":38.1,"fecha":{"$date":"2018-10-26T00:00:00.000Z"}}
{"_id":{"$oid":"5cf2f510ed0e459131604b83"},"compra":36.1,"venta":38.1,"fecha":{"$date":"2018-10-25T00:00:00.000Z"}}
{"_id":{"$oid":"5cf2f510ed0e459131604b84"},"compra":35.8,"venta":37.8,"fecha":{"$date":"2018-10-31T00:00:00.000Z"}}
{"_id":{"$oid":"5cf2f510ed0e459131604b85"},"compra":35.8,"venta":37.8,"fecha":{"$date":"2018-10-25T00:00:00.000Z"}}
{"_id":{"$oid":"5cf2f510ed0e459131604b86"},"compra":35.8,"venta":37.8,"fecha":{"$date":"2018-10-24T00:00:00.000Z"}}
{"_id":{"$oid":"5cf2f510ed0e459131604b87"},"compra":35.9,"venta":37.9,"fecha":{"$date":"2018-10-24T00:00:00.000Z"}}
{"_id":{"$oid":"5cf2f510ed0e459131604b88"},"compra":36.1,"venta":38.1,"fecha":{"$date":"2018-10-24T00:00:00.000Z"}}
{"_id":{"$oid":"5cf2f510ed0e459131604b89"},"compra":36.1,"venta":38.1,"fecha":{"$date":"2018-10-23T00:00:00.000Z"}}
{"_id":{"$oid":"5cf2f510ed0e459131604b8a"},"compra":36.2,"venta":38.2,"fecha":{"$date":"2018-10-25T00:00:00.000Z"}}
{"_id":{"$oid":"5cf2f510ed0e459131604b8b"},"compra":36.3,"venta":38.3,"fecha":{"$date":"2018-10-23T00:00:00.000Z"}}
{"_id":{"$oid":"5cf2f510ed0e459131604b8c"},"compra":35.8,"venta":37.8,"fecha":{"$date":"2018-10-30T00:00:00.000Z"}}
{"_id":{"$oid":"5cf2f510ed0e459131604b8d"},"compra":35.9,"venta":37.9,"fecha":{"$date":"2018-10-21T00:00:00.000Z"}}
{"_id":{"$oid":"5cf2f510ed0e459131604b8e"},"compra":35.9,"venta":37.9,"fecha":{"$date":"2018-10-22T00:00:00.000Z"}}
{"_id":{"$oid":"5cf2f510ed0e459131604b8f"},"compra":35.9,"venta":37.9,"fecha":{"$date":"2018-10-20T00:00:00.000Z"}}
{"_id":{"$oid":"5cf2f510ed0e459131604b90"},"compra":35.9,"venta":37.9,"fecha":{"$date":"2018-10-19T00:00:00.000Z"}}
{"_id":{"$oid":"5cf2f510ed0e459131604b91"},"compra":36.1,"venta":38.1,"fecha":{"$date":"2018-10-19T00:00:00.000Z"}}
{"_id":{"$oid":"5cf2f510ed0e459131604b92"},"compra":36,"venta":38,"fecha":{"$date":"2018-10-19T00:00:00.000Z"}}
{"_id":{"$oid":"5cf2f510ed0e459131604b93"},"compra":36,"venta":38,"fecha":{"$date":"2018-10-18T00:00:00.000Z"}}
{"_id":{"$oid":"5cf2f510ed0e459131604b94"},"compra":35.9,"venta":37.9,"fecha":{"$date":"2018-10-23T00:00:00.000Z"}}
{"_id":{"$oid":"5cf2f510ed0e459131604b95"},"compra":36.2,"venta":38.2,"fecha":{"$date":"2018-10-16T00:00:00.000Z"}}
{"_id":{"$oid":"5cf2f510ed0e459131604b96"},"compra":36.2,"venta":38.2,"fecha":{"$date":"2018-10-15T00:00:00.000Z"}}
{"_id":{"$oid":"5cf2f510ed0e459131604b97"},"compra":36.2,"venta":38.2,"fecha":{"$date":"2018-10-14T00:00:00.000Z"}}
{"_id":{"$oid":"5cf2f510ed0e459131604b98"},"compra":35.9,"venta":37.9,"fecha":{"$date":"2018-10-17T00:00:00.000Z"}}
{"_id":{"$oid":"5cf2f510ed0e459131604b99"},"compra":36.2,"venta":38.2,"fecha":{"$date":"2018-10-12T00:00:00.000Z"}}
{"_id":{"$oid":"5cf2f510ed0e459131604b9a"},"compra":36.2,"venta":38.2,"fecha":{"$date":"2018-10-13T00:00:00.000Z"}}
{"_id":{"$oid":"5cf2f510ed0e459131604b9b"},"compra":35.9,"venta":37.9,"fecha":{"$date":"2018-10-12T00:00:00.000Z"}}
{"_id":{"$oid":"5cf2f510ed0e459131604b9c"},"compra":36.1,"venta":38.1,"fecha":{"$date":"2018-10-12T00:00:00.000Z"}}
{"_id":{"$oid":"5cf2f510ed0e459131604b9d"},"compra":36.3,"venta":38.3,"fecha":{"$date":"2018-10-12T00:00:00.000Z"}}
{"_id":{"$oid":"5cf2f510ed0e459131604b9e"},"compra":36.5,"venta":38.5,"fecha":{"$date":"2018-10-11T00:00:00.000Z"}}
{"_id":{"$oid":"5cf2f510ed0e459131604b9f"},"compra":36.7,"venta":38.7,"fecha":{"$date":"2018-10-11T00:00:00.000Z"}}
{"_id":{"$oid":"5cf2f510ed0e459131604ba0"},"compra":35.9,"venta":37.9,"fecha":{"$date":"2018-10-16T00:00:00.000Z"}}
{"_id":{"$oid":"5cf2f510ed0e459131604ba1"},"compra":36.7,"venta":38.7,"fecha":{"$date":"2018-10-10T00:00:00.000Z"}}
{"_id":{"$oid":"5cf2f510ed0e459131604ba2"},"compra":35.9,"venta":37.9,"fecha":{"$date":"2018-10-18T00:00:00.000Z"}}
{"_id":{"$oid":"5cf2f510ed0e459131604ba3"},"compra":36.7,"venta":38.7,"fecha":{"$date":"2018-10-09T00:00:00.000Z"}}
{"_id":{"$oid":"5cf2f510ed0e459131604ba4"},"compra":36.9,"venta":38.9,"fecha":{"$date":"2018-10-09T00:00:00.000Z"}}
{"_id":{"$oid":"5cf2f510ed0e459131604ba5"},"compra":36.7,"venta":38.7,"fecha":{"$date":"2018-10-09T00:00:00.000Z"}}
{"_id":{"$oid":"5cf2f510ed0e459131604ba6"},"compra":36.3,"venta":38.3,"fecha":{"$date":"2018-10-11T00:00:00.000Z"}}
{"_id":{"$oid":"5cf2f510ed0e459131604ba7"},"compra":36.9,"venta":38.9,"fecha":{"$date":"2018-10-08T00:00:00.000Z"}}
{"_id":{"$oid":"5cf2f510ed0e459131604ba8"},"compra":37.7,"venta":39.7,"fecha":{"$date":"2018-10-08T00:00:00.000Z"}}
{"_id":{"$oid":"5cf2f510ed0e459131604ba9"},"compra":37.5,"venta":39.5,"fecha":{"$date":"2018-10-08T00:00:00.000Z"}}
{"_id":{"$oid":"5cf2f510ed0e459131604baa"},"compra":37.7,"venta":39.7,"fecha":{"$date":"2018-10-07T00:00:00.000Z"}}
{"_id":{"$oid":"5cf2f510ed0e459131604bab"},"compra":37.7,"venta":39.7,"fecha":{"$date":"2018-10-06T00:00:00.000Z"}}
{"_id":{"$oid":"5cf2f510ed0e459131604bac"},"compra":37.9,"venta":39.9,"fecha":{"$date":"2018-10-05T00:00:00.000Z"}}
{"_id":{"$oid":"5cf2f510ed0e459131604bad"},"compra":37.7,"venta":39.7,"fecha":{"$date":"2018-10-05T00:00:00.000Z"}}
{"_id":{"$oid":"5cf2f510ed0e459131604bae"},"compra":37.2,"venta":39.2,"fecha":{"$date":"2018-10-08T00:00:00.000Z"}}
{"_id":{"$oid":"5cf2f510ed0e459131604baf"},"compra":38.1,"venta":40.1,"fecha":{"$date":"2018-10-05T00:00:00.000Z"}}
{"_id":{"$oid":"5cf2f510ed0e459131604bb0"},"compra":37.5,"venta":39.5,"fecha":{"$date":"2018-10-04T00:00:00.000Z"}}
{"_id":{"$oid":"5cf2f510ed0e459131604bb1"},"compra":37.8,"venta":39.8,"fecha":{"$date":"2018-10-04T00:00:00.000Z"}}
{"_id":{"$oid":"5cf2f510ed0e459131604bb2"},"compra":36.9,"venta":38.9,"fecha":{"$date":"2018-10-09T00:00:00.000Z"}}
{"_id":{"$oid":"5cf2f510ed0e459131604bb3"},"compra":37.7,"venta":39.7,"fecha":{"$date":"2018-10-04T00:00:00.000Z"}}
{"_id":{"$oid":"5cf2f510ed0e459131604bb4"},"compra":37.7,"venta":39.7,"fecha":{"$date":"2018-10-03T00:00:00.000Z"}}
{"_id":{"$oid":"5cf2f510ed0e459131604bb5"},"compra":37.5,"venta":39.5,"fecha":{"$date":"2018-10-03T00:00:00.000Z"}}
{"_id":{"$oid":"5cf2f510ed0e459131604bb6"},"compra":37.9,"venta":39.9,"fecha":{"$date":"2018-10-03T00:00:00.000Z"}}
{"_id":{"$oid":"5cf2f510ed0e459131604bb7"},"compra":38.1,"venta":40.1,"fecha":{"$date":"2018-10-04T00:00:00.000Z"}}
{"_id":{"$oid":"5cf2f510ed0e459131604bb8"},"compra":37.3,"venta":39.3,"fecha":{"$date":"2018-10-03T00:00:00.000Z"}}
{"_id":{"$oid":"5cf2f510ed0e459131604bb9"},"compra":38.2,"venta":40.4,"fecha":{"$date":"2018-10-02T00:00:00.000Z"}}
{"_id":{"$oid":"5cf2f510ed0e459131604bba"},"compra":37.8,"venta":40,"fecha":{"$date":"2018-10-02T00:00:00.000Z"}}
{"_id":{"$oid":"5cf2f510ed0e459131604bbb"},"compra":38,"venta":40.2,"fecha":{"$date":"2018-10-02T00:00:00.000Z"}}
{"_id":{"$oid":"5cf2f510ed0e459131604bbc"},"compra":37.7,"venta":39.9,"fecha":{"$date":"2018-10-03T00:00:00.000Z"}}
{"_id":{"$oid":"5cf2f510ed0e459131604bbd"},"compra":37.7,"venta":39.9,"fecha":{"$date":"2018-10-02T00:00:00.000Z"}}
{"_id":{"$oid":"5cf2f510ed0e459131604bbe"},"compra":37.8,"venta":40,"fecha":{"$date":"2018-10-01T00:00:00.000Z"}}
{"_id":{"$oid":"5cf2f510ed0e459131604bbf"},"compra":39,"venta":41,"fecha":{"$date":"2018-10-01T00:00:00.000Z"}}
{"_id":{"$oid":"5cf2f510ed0e459131604bc0"},"compra":38.5,"venta":40.5,"fecha":{"$date":"2018-10-01T00:00:00.000Z"}}
{"_id":{"$oid":"5cf2f510ed0e459131604bc1"},"compra":39,"venta":41,"fecha":{"$date":"2018-10-01T00:00:00.000Z"}}
{"_id":{"$oid":"5cf2f510ed0e459131604bc2"},"compra":38.5,"venta":40.5,"fecha":{"$date":"2018-10-01T00:00:00.000Z"}}
{"_id":{"$oid":"5cf2f510ed0e459131604bc3"},"compra":39.5,"venta":41.5,"fecha":{"$date":"2018-10-01T00:00:00.000Z"}}
{"_id":{"$oid":"5cf2f510ed0e459131604bc4"},"compra":40.3,"venta":42.3,"fecha":{"$date":"2018-10-01T00:00:00.000Z"}}
{"_id":{"$oid":"5cf2f510ed0e459131604bc5"},"compra":40,"venta":42,"fecha":{"$date":"2018-10-01T00:00:00.000Z"}}
{"_id":{"$oid":"5cf2f510ed0e459131604bc6"},"compra":40.5,"venta":42.5,"fecha":{"$date":"2018-10-01T00:00:00.000Z"}}
{"_id":{"$oid":"5cf2f510ed0e459131604bc7"},"compra":39.7,"venta":41.8,"fecha":{"$date":"2018-10-01T00:00:00.000Z"}}
