{"porcentaje":6.5,"fecha":{"$date":"2018-09-01T00:00:00.000Z"}}
{"porcentaje":5.4,"fecha":{"$date":"2018-10-01T00:00:00.000Z"}}
{"porcentaje":3.2,"fecha":{"$date":"2018-11-01T00:00:00.000Z"}}
{"porcentaje":2.6,"fecha":{"$date":"2018-12-01T00:00:00.000Z"}}
{"porcentaje":2.9,"fecha":{"$date":"2019-01-01T00:00:00.000Z"}}
{"porcentaje":3.8,"fecha":{"$date":"2019-02-01T00:00:00.000Z"}}
{"porcentaje":4.7,"fecha":{"$date":"2019-03-01T00:00:00.000Z"}}
{"porcentaje":3.4,"fecha":{"$date":"2019-04-01T00:00:00.000Z"}}